window_id,start,end,n_intervals,mean_dT_c,mean_amb_c,n_nans,reject_reason
0,2023-12-14 04:30:00,2023-12-14 04:30:00,1,30.27,17.0,0,too_short (1 < 2)
1,2023-12-14 23:00:00,2023-12-14 23:30:00,2,25.32,17.2,0,
2,2023-12-15 00:30:00,2023-12-15 00:30:00,1,24.54,17.5,0,too_short (1 < 2)
3,2023-12-15 02:30:00,2023-12-15 03:30:00,3,28.03,17.78,0,
4,2023-12-15 04:30:00,2023-12-15 05:00:00,2,27.66,17.73,0,
5,2023-12-16 00:30:00,2023-12-16 01:00:00,2,21.5,22.12,0,
6,2023-12-16 02:00:00,2023-12-16 02:30:00,2,21.06,22.2,0,
7,2023-12-16 04:30:00,2023-12-16 04:30:00,1,20.3,22.4,0,too_short (1 < 2)
8,2023-12-17 00:00:00,2023-12-17 00:00:00,1,21.51,21.1,0,too_short (1 < 2)
9,2023-12-17 02:00:00,2023-12-17 04:00:00,5,24.64,21.46,0,
10,2023-12-17 05:00:00,2023-12-17 05:30:00,2,23.95,21.6,0,
11,2023-12-17 23:30:00,2023-12-18 00:00:00,2,21.74,21.88,0,
12,2023-12-18 01:30:00,2023-12-18 02:00:00,2,21.43,21.57,0,
13,2023-12-18 03:30:00,2023-12-18 03:30:00,1,21.78,20.75,0,too_short (1 < 2)
14,2023-12-20 03:30:00,2023-12-20 04:30:00,3,31.95,14.83,0,
15,2023-12-20 21:00:00,2023-12-20 21:00:00,1,22.57,19.9,0,too_short (1 < 2)
16,2023-12-20 23:30:00,2023-12-21 00:00:00,2,26.03,19.9,0,
17,2023-12-21 01:00:00,2023-12-21 01:30:00,2,26.0,19.45,0,
18,2023-12-21 02:30:00,2023-12-21 05:00:00,6,25.3,19.47,0,
19,2023-12-22 00:30:00,2023-12-22 01:00:00,2,28.56,14.82,0,
20,2023-12-22 03:30:00,2023-12-22 04:00:00,2,32.47,14.75,0,
21,2023-12-24 00:30:00,2023-12-24 01:00:00,2,23.85,21.62,0,
22,2023-12-24 02:00:00,2023-12-24 03:00:00,3,24.71,20.3,0,
23,2023-12-24 04:00:00,2023-12-24 04:30:00,2,24.63,19.9,0,
24,2023-12-24 05:30:00,2023-12-24 05:30:00,1,24.47,19.7,0,too_short (1 < 2)
25,2023-12-24 22:00:00,2023-12-24 22:30:00,2,27.17,15.15,0,
26,2023-12-28 00:30:00,2023-12-28 01:00:00,2,28.71,16.5,0,
27,2023-12-29 00:00:00,2023-12-29 03:30:00,8,31.02,14.67,0,
28,2024-01-02 23:00:00,2024-01-03 02:00:00,7,26.61,16.37,0,
29,2024-01-03 04:30:00,2024-01-03 05:00:00,2,29.94,15.85,0,
30,2024-01-13 00:30:00,2024-01-13 00:30:00,1,27.94,17.1,0,too_short (1 < 2)
31,2024-01-20 03:30:00,2024-01-20 04:00:00,2,31.37,15.3,0,
32,2024-01-21 01:00:00,2024-01-21 03:00:00,5,29.51,16.88,0,
33,2024-01-22 01:30:00,2024-01-22 02:00:00,2,27.24,18.48,0,
34,2024-01-22 03:00:00,2024-01-22 04:00:00,3,28.3,16.9,0,
35,2024-01-23 00:00:00,2024-01-23 01:30:00,4,32.22,15.81,0,
36,2024-01-23 23:30:00,2024-01-24 00:30:00,3,24.64,18.38,0,
37,2024-01-24 02:30:00,2024-01-24 02:30:00,1,28.96,18.1,0,too_short (1 < 2)
38,2024-01-24 03:30:00,2024-01-24 05:00:00,4,28.62,18.0,0,
39,2024-02-01 22:30:00,2024-02-01 22:30:00,1,24.1,20.85,0,too_short (1 < 2)
40,2024-02-01 23:30:00,2024-02-02 01:00:00,4,23.58,20.86,0,
41,2024-02-04 00:30:00,2024-02-04 01:00:00,2,30.07,17.2,0,
42,2024-02-04 02:00:00,2024-02-04 05:30:00,8,29.26,17.23,0,
43,2024-02-04 22:30:00,2024-02-04 22:30:00,1,28.72,15.55,0,too_short (1 < 2)
44,2024-02-05 03:30:00,2024-02-05 03:30:00,1,32.24,14.2,0,too_short (1 < 2)
45,2024-02-14 12:30:00,2024-02-14 13:00:00,2,28.7,16.5,0,
46,2024-02-14 22:30:00,2024-02-15 03:00:00,10,29.3,15.77,0,
47,2024-02-15 23:00:00,2024-02-15 23:30:00,2,26.06,18.5,0,
48,2024-02-16 03:30:00,2024-02-16 04:00:00,2,26.17,17.27,0,
49,2024-02-17 22:30:00,2024-02-17 23:00:00,2,25.76,19.98,0,
50,2024-02-18 00:00:00,2024-02-18 02:00:00,5,25.24,19.92,0,
51,2024-02-18 22:30:00,2024-02-19 01:30:00,7,35.02,18.69,0,
52,2024-02-19 23:00:00,2024-02-19 23:00:00,1,25.83,19.1,0,too_short (1 < 2)
53,2024-02-20 03:00:00,2024-02-20 03:30:00,2,24.02,19.95,0,
54,2024-02-27 22:30:00,2024-02-27 23:00:00,2,29.79,15.8,0,
55,2024-02-28 22:30:00,2024-02-29 00:30:00,5,24.16,19.11,0,
56,2024-03-04 13:00:00,2024-03-04 13:30:00,2,40.73,18.52,0,
57,2024-03-04 23:30:00,2024-03-05 04:30:00,11,28.01,15.85,0,
58,2024-03-06 00:30:00,2024-03-06 02:30:00,5,28.11,16.31,0,
59,2024-03-07 23:00:00,2024-03-08 00:00:00,3,27.07,14.4,0,
60,2024-03-12 00:00:00,2024-03-12 03:00:00,7,26.8,15.51,0,
61,2024-03-13 01:00:00,2024-03-13 03:00:00,5,29.21,19.27,0,
62,2024-03-13 04:00:00,2024-03-13 05:00:00,3,26.76,21.05,0,
63,2024-03-13 23:30:00,2024-03-14 02:00:00,6,28.75,17.68,0,
64,2024-03-14 03:00:00,2024-03-14 03:00:00,1,28.58,17.3,0,too_short (1 < 2)
65,2024-03-15 01:00:00,2024-03-15 01:30:00,2,32.51,15.95,0,
66,2024-03-15 02:30:00,2024-03-15 05:00:00,6,32.15,15.65,0,
67,2024-03-16 22:30:00,2024-03-17 02:30:00,9,27.88,16.14,0,
68,2024-03-17 22:30:00,2024-03-18 00:30:00,5,31.47,18.52,0,
69,2024-03-18 01:30:00,2024-03-18 02:30:00,3,30.82,18.62,0,
70,2024-03-18 14:00:00,2024-03-18 14:30:00,2,33.45,23.23,0,
71,2024-03-19 00:30:00,2024-03-19 00:30:00,1,22.71,20.5,0,too_short (1 < 2)
72,2024-03-19 03:00:00,2024-03-19 03:00:00,1,25.87,21.1,0,too_short (1 < 2)
73,2024-03-19 04:00:00,2024-03-19 05:00:00,3,25.14,21.35,0,
74,2024-03-19 10:30:00,2024-03-19 10:30:00,1,28.28,20.4,0,too_short (1 < 2)
75,2024-03-19 12:00:00,2024-03-19 13:00:00,3,26.06,19.8,0,
76,2024-03-19 14:00:00,2024-03-19 14:00:00,1,24.55,19.9,0,too_short (1 < 2)
77,2024-03-19 15:00:00,2024-03-19 15:30:00,2,24.43,19.62,0,
78,2024-03-19 23:30:00,2024-03-20 03:30:00,9,30.02,14.88,0,
79,2024-03-20 04:30:00,2024-03-20 04:30:00,1,29.23,15.05,0,too_short (1 < 2)
80,2024-03-20 11:30:00,2024-03-20 11:30:00,1,36.45,16.95,0,too_short (1 < 2)
81,2024-03-20 23:00:00,2024-03-20 23:00:00,1,26.85,15.9,0,too_short (1 < 2)
82,2024-03-21 02:00:00,2024-03-21 03:00:00,3,28.63,17.6,0,
83,2024-03-21 04:00:00,2024-03-21 05:00:00,3,28.08,17.6,0,
84,2024-03-22 01:00:00,2024-03-22 02:30:00,4,28.82,16.62,0,
85,2024-03-23 23:00:00,2024-03-23 23:00:00,1,26.73,15.5,0,too_short (1 < 2)
86,2024-03-24 02:00:00,2024-03-24 02:30:00,2,29.78,15.3,0,
87,2024-03-24 03:30:00,2024-03-24 04:00:00,2,29.41,15.22,0,
88,2024-03-24 13:00:00,2024-03-24 13:00:00,1,33.78,18.0,0,too_short (1 < 2)
89,2024-03-28 23:00:00,2024-03-29 02:00:00,7,27.95,15.52,0,
90,2024-03-31 21:30:00,2024-03-31 21:30:00,1,28.11,16.3,0,too_short (1 < 2)
91,2024-04-01 22:30:00,2024-04-02 02:30:00,9,26.88,16.28,0,
92,2024-04-03 02:30:00,2024-04-03 03:30:00,3,29.23,15.4,0,
93,2024-04-05 23:30:00,2024-04-06 03:00:00,8,28.18,16.11,0,
94,2024-04-06 04:00:00,2024-04-06 04:30:00,2,25.19,18.27,0,
95,2024-04-07 00:30:00,2024-04-07 00:30:00,1,24.38,19.95,0,too_short (1 < 2)
96,2024-04-07 01:30:00,2024-04-07 04:00:00,6,24.51,19.24,0,
97,2024-04-07 21:30:00,2024-04-07 21:30:00,1,28.29,18.4,0,too_short (1 < 2)
98,2024-04-07 22:30:00,2024-04-08 02:30:00,9,27.93,17.99,0,
99,2024-04-08 22:30:00,2024-04-09 02:30:00,9,29.52,17.64,0,
100,2024-04-09 03:30:00,2024-04-09 04:30:00,3,29.87,16.35,0,
101,2024-04-09 22:00:00,2024-04-09 22:30:00,2,27.79,15.7,0,
102,2024-04-10 22:00:00,2024-04-10 22:00:00,1,21.21,22.8,0,too_short (1 < 2)
103,2024-04-10 23:00:00,2024-04-11 01:00:00,5,20.84,22.51,0,
104,2024-04-11 04:00:00,2024-04-11 04:30:00,2,24.21,22.12,0,
105,2024-04-11 12:00:00,2024-04-11 12:30:00,2,30.39,25.8,0,
106,2024-04-11 14:00:00,2024-04-11 14:00:00,1,29.05,26.5,0,too_short (1 < 2)
107,2024-04-11 17:00:00,2024-04-11 17:00:00,1,25.8,26.0,0,too_short (1 < 2)
108,2024-04-11 18:00:00,2024-04-11 18:30:00,2,26.32,25.15,0,
109,2024-04-11 21:30:00,2024-04-11 23:30:00,5,23.47,23.42,0,
110,2024-04-12 00:30:00,2024-04-12 02:00:00,4,22.87,23.45,0,
111,2024-04-12 05:00:00,2024-04-12 05:00:00,1,23.31,21.5,0,too_short (1 < 2)
112,2024-04-12 16:00:00,2024-04-12 16:00:00,1,29.83,25.4,0,too_short (1 < 2)
113,2024-04-12 20:00:00,2024-04-12 20:00:00,1,26.5,22.1,0,too_short (1 < 2)
114,2024-04-12 21:00:00,2024-04-12 21:30:00,2,27.04,20.98,0,
115,2024-04-12 23:30:00,2024-04-13 00:00:00,2,27.33,20.18,0,
116,2024-04-13 01:00:00,2024-04-13 02:00:00,3,27.26,19.85,0,
117,2024-04-13 04:00:00,2024-04-13 04:00:00,1,27.1,19.1,0,too_short (1 < 2)
118,2024-04-14 23:30:00,2024-04-15 01:00:00,4,28.67,16.3,0,
119,2024-04-15 02:00:00,2024-04-15 02:00:00,1,28.82,15.7,0,too_short (1 < 2)
120,2024-04-15 22:00:00,2024-04-16 04:00:00,13,28.4,16.12,0,
121,2024-04-16 23:30:00,2024-04-17 03:00:00,8,28.93,14.34,0,
122,2024-04-17 14:00:00,2024-04-17 14:00:00,1,38.06,17.7,0,too_short (1 < 2)
123,2024-04-17 23:30:00,2024-04-18 00:00:00,2,33.42,13.32,0,
124,2024-04-18 22:00:00,2024-04-18 23:30:00,4,26.07,17.1,0,
125,2024-04-19 00:30:00,2024-04-19 01:30:00,3,25.9,16.53,0,
126,2024-04-19 04:30:00,2024-04-19 04:30:00,1,30.7,15.15,0,too_short (1 < 2)
127,2024-04-20 00:30:00,2024-04-20 01:00:00,2,34.44,14.8,0,
128,2024-04-20 22:00:00,2024-04-20 22:30:00,2,25.98,16.8,0,
129,2024-04-20 23:30:00,2024-04-21 00:00:00,2,25.54,16.73,0,
130,2024-04-21 03:00:00,2024-04-21 04:30:00,4,29.03,16.56,0,
131,2024-04-21 21:00:00,2024-04-21 21:30:00,2,30.5,18.57,0,
132,2024-04-21 22:30:00,2024-04-21 23:30:00,3,29.28,19.18,0,
133,2024-04-22 00:30:00,2024-04-22 01:00:00,2,29.16,18.9,0,
134,2024-04-22 02:00:00,2024-04-22 02:30:00,2,29.11,18.6,0,
135,2024-04-22 03:30:00,2024-04-22 04:30:00,3,28.68,18.57,0,
136,2024-04-22 22:00:00,2024-04-22 22:00:00,1,26.48,16.4,0,too_short (1 < 2)
137,2024-04-23 02:30:00,2024-04-23 03:00:00,2,33.61,15.12,0,
138,2024-04-23 04:30:00,2024-04-23 04:30:00,1,33.52,14.7,0,too_short (1 < 2)
139,2024-04-23 23:30:00,2024-04-23 23:30:00,1,31.66,15.0,0,too_short (1 < 2)
140,2024-04-24 00:30:00,2024-04-24 04:30:00,9,31.81,14.13,0,
141,2024-04-24 23:00:00,2024-04-24 23:30:00,2,34.28,15.12,0,
142,2024-04-25 00:30:00,2024-04-25 00:30:00,1,34.79,14.3,0,too_short (1 < 2)
143,2024-04-25 21:30:00,2024-04-25 21:30:00,1,33.35,13.55,0,too_short (1 < 2)
144,2024-04-27 00:00:00,2024-04-27 04:30:00,10,32.71,12.45,0,
145,2024-04-27 14:00:00,2024-04-27 14:00:00,1,32.77,18.1,0,too_short (1 < 2)
146,2024-04-27 21:30:00,2024-04-27 21:30:00,1,29.03,15.2,0,too_short (1 < 2)
147,2024-04-29 22:00:00,2024-04-29 22:00:00,1,22.5,20.6,0,too_short (1 < 2)
148,2024-04-30 01:00:00,2024-04-30 04:30:00,8,29.03,18.77,0,
149,2024-04-30 22:30:00,2024-05-01 01:00:00,6,23.41,19.9,0,
150,2024-05-01 04:00:00,2024-05-01 04:00:00,1,27.48,19.1,0,too_short (1 < 2)
151,2024-05-01 12:00:00,2024-05-01 12:30:00,2,25.7,26.95,0,
152,2024-05-02 00:30:00,2024-05-02 02:30:00,5,29.64,17.64,0,
153,2024-05-02 03:30:00,2024-05-02 05:00:00,4,29.68,16.74,0,
154,2024-05-02 18:00:00,2024-05-02 21:00:00,7,31.33,20.66,0,
155,2024-05-02 23:00:00,2024-05-03 03:30:00,10,31.34,17.39,0,
156,2024-05-03 17:30:00,2024-05-03 17:30:00,1,27.49,22.9,0,too_short (1 < 2)
157,2024-05-03 23:00:00,2024-05-04 00:00:00,3,28.98,19.15,0,
158,2024-05-04 02:30:00,2024-05-04 02:30:00,1,29.85,17.55,0,too_short (1 < 2)
159,2024-05-04 14:00:00,2024-05-04 14:00:00,1,24.18,21.9,0,too_short (1 < 2)
160,2024-05-04 20:00:00,2024-05-04 21:30:00,4,23.2,19.45,0,
161,2024-05-05 00:30:00,2024-05-05 01:00:00,2,25.26,20.17,0,
162,2024-05-05 02:00:00,2024-05-05 04:30:00,6,23.65,21.16,0,
163,2024-05-05 09:30:00,2024-05-05 09:30:00,1,19.37,24.75,0,too_short (1 < 2)
164,2024-05-05 23:00:00,2024-05-05 23:00:00,1,25.33,20.6,0,too_short (1 < 2)
165,2024-05-06 00:00:00,2024-05-06 00:30:00,2,24.56,20.48,0,
166,2024-05-06 01:30:00,2024-05-06 01:30:00,1,24.09,20.4,0,too_short (1 < 2)
167,2024-05-06 04:30:00,2024-05-06 05:00:00,2,27.66,20.4,0,
168,2024-05-06 22:30:00,2024-05-06 23:00:00,2,23.86,19.85,0,
169,2024-05-07 02:30:00,2024-05-07 05:00:00,6,29.85,17.51,0,
170,2024-05-07 23:30:00,2024-05-07 23:30:00,1,24.62,18.3,0,too_short (1 < 2)
171,2024-05-08 02:00:00,2024-05-08 04:30:00,6,27.91,18.89,0,
172,2024-05-08 13:00:00,2024-05-08 13:00:00,1,24.77,26.8,0,too_short (1 < 2)
173,2024-05-08 15:30:00,2024-05-08 15:30:00,1,20.98,25.0,0,too_short (1 < 2)
174,2024-05-08 16:30:00,2024-05-08 17:00:00,2,19.35,24.3,0,
175,2024-05-08 18:00:00,2024-05-08 18:00:00,1,22.07,23.8,0,too_short (1 < 2)
176,2024-05-08 21:00:00,2024-05-08 22:00:00,3,21.35,22.0,0,
177,2024-05-09 01:00:00,2024-05-09 05:30:00,10,23.26,22.04,0,
178,2024-05-09 14:00:00,2024-05-09 15:00:00,3,28.9,28.0,0,
179,2024-05-09 17:30:00,2024-05-09 17:30:00,1,25.12,26.5,0,too_short (1 < 2)
180,2024-05-09 21:00:00,2024-05-10 04:00:00,15,23.76,22.1,0,
181,2024-05-10 17:00:00,2024-05-10 17:00:00,1,21.76,29.9,0,too_short (1 < 2)
182,2024-05-10 19:00:00,2024-05-10 19:00:00,1,22.5,27.6,0,too_short (1 < 2)
183,2024-05-10 20:00:00,2024-05-10 21:30:00,4,22.9,25.7,0,
184,2024-05-10 23:30:00,2024-05-11 02:00:00,6,24.75,22.36,0,
185,2024-05-11 20:00:00,2024-05-12 02:00:00,13,22.71,26.45,0,
186,2024-05-12 04:30:00,2024-05-12 04:30:00,1,21.44,25.8,0,too_short (1 < 2)
187,2024-05-12 17:30:00,2024-05-12 17:30:00,1,20.1,28.55,0,too_short (1 < 2)
188,2024-05-12 18:30:00,2024-05-12 19:00:00,2,21.92,26.82,0,
189,2024-05-12 20:30:00,2024-05-12 22:30:00,5,23.69,24.24,0,
190,2024-05-12 23:30:00,2024-05-13 00:30:00,3,24.01,23.05,0,
191,2024-05-13 01:30:00,2024-05-13 04:00:00,6,23.91,22.55,0,
192,2024-05-13 18:00:00,2024-05-13 20:30:00,6,23.77,27.48,0,
193,2024-05-13 21:30:00,2024-05-13 22:00:00,2,24.49,26.12,0,
194,2024-05-13 23:00:00,2024-05-13 23:30:00,2,24.98,25.32,0,
195,2024-05-14 02:00:00,2024-05-14 02:00:00,1,24.63,25.1,0,too_short (1 < 2)
196,2024-05-14 13:30:00,2024-05-14 13:30:00,1,26.69,31.3,0,too_short (1 < 2)
197,2024-05-14 15:00:00,2024-05-14 15:00:00,1,25.5,30.8,0,too_short (1 < 2)
198,2024-05-14 16:30:00,2024-05-14 16:30:00,1,17.17,30.55,0,too_short (1 < 2)
199,2024-05-14 19:00:00,2024-05-14 19:30:00,2,19.62,27.18,0,
200,2024-05-14 22:00:00,2024-05-14 23:00:00,3,22.04,24.0,0,
201,2024-05-15 01:00:00,2024-05-15 02:00:00,3,21.29,24.05,0,
202,2024-05-15 03:00:00,2024-05-15 03:30:00,2,21.57,23.32,0,
203,2024-05-15 10:30:00,2024-05-15 10:30:00,1,29.65,29.1,0,too_short (1 < 2)
204,2024-05-15 12:30:00,2024-05-15 12:30:00,1,28.88,30.2,0,too_short (1 < 2)
205,2024-05-15 19:30:00,2024-05-15 20:00:00,2,20.55,28.95,0,
206,2024-05-15 21:00:00,2024-05-15 23:30:00,6,21.7,25.13,0,
207,2024-05-16 00:30:00,2024-05-16 01:00:00,2,23.38,22.9,0,
208,2024-05-16 07:00:00,2024-05-16 07:00:00,1,24.64,22.8,0,too_short (1 < 2)
209,2024-05-16 13:30:00,2024-05-16 13:30:00,1,31.77,26.35,0,too_short (1 < 2)
210,2024-05-16 19:30:00,2024-05-16 21:00:00,4,23.81,24.11,0,
211,2024-05-16 22:00:00,2024-05-16 23:00:00,3,24.85,21.8,0,
212,2024-05-17 03:00:00,2024-05-17 03:00:00,1,24.84,20.2,0,too_short (1 < 2)
213,2024-05-17 12:30:00,2024-05-17 12:30:00,1,33.81,25.9,0,too_short (1 < 2)
214,2024-05-17 14:00:00,2024-05-17 15:30:00,4,32.53,26.43,0,
215,2024-05-17 18:00:00,2024-05-17 18:30:00,2,33.23,24.77,0,
216,2024-05-17 21:00:00,2024-05-17 21:30:00,2,34.93,22.2,0,
217,2024-05-17 23:30:00,2024-05-18 01:30:00,5,35.49,20.66,0,
218,2024-05-18 10:00:00,2024-05-18 10:00:00,1,26.84,24.5,0,too_short (1 < 2)
219,2024-05-18 17:00:00,2024-05-18 18:00:00,3,21.56,25.35,0,
220,2024-05-18 21:30:00,2024-05-19 00:30:00,7,22.89,20.81,0,
221,2024-05-19 03:30:00,2024-05-19 05:00:00,4,29.21,20.14,0,
222,2024-05-19 07:30:00,2024-05-19 07:30:00,1,26.05,22.25,0,too_short (1 < 2)
223,2024-05-19 17:30:00,2024-05-19 18:00:00,2,27.99,25.45,0,
224,2024-05-19 22:00:00,2024-05-19 22:30:00,2,31.32,21.1,0,
225,2024-05-19 23:30:00,2024-05-20 00:30:00,3,31.34,20.67,0,
226,2024-05-20 01:30:00,2024-05-20 03:30:00,5,31.81,19.51,0,
227,2024-05-20 13:00:00,2024-05-20 13:00:00,1,30.73,28.5,0,too_short (1 < 2)
228,2024-05-20 17:00:00,2024-05-20 17:30:00,2,20.29,28.1,0,
229,2024-05-20 21:00:00,2024-05-20 22:00:00,3,22.47,22.65,0,
230,2024-05-21 01:00:00,2024-05-21 03:30:00,6,28.15,18.82,0,
231,2024-05-21 13:00:00,2024-05-21 13:30:00,2,28.72,27.88,0,
232,2024-05-21 18:30:00,2024-05-21 18:30:00,1,22.65,27.65,0,too_short (1 < 2)
233,2024-05-21 19:30:00,2024-05-21 20:00:00,2,23.69,26.68,0,
234,2024-05-21 21:00:00,2024-05-21 22:00:00,3,25.42,24.65,0,
235,2024-05-21 23:00:00,2024-05-21 23:30:00,2,25.96,23.77,0,
236,2024-05-22 02:00:00,2024-05-22 02:30:00,2,27.31,21.8,0,
237,2024-05-22 13:30:00,2024-05-22 13:30:00,1,20.79,23.95,0,too_short (1 < 2)
238,2024-05-22 23:30:00,2024-05-23 00:30:00,3,25.19,21.43,0,
239,2024-05-23 02:00:00,2024-05-23 05:00:00,7,24.34,20.98,0,
240,2024-05-23 17:00:00,2024-05-23 17:30:00,2,23.63,21.67,0,
241,2024-05-24 00:00:00,2024-05-24 05:00:00,11,26.13,20.87,0,
242,2024-05-24 19:00:00,2024-05-24 19:00:00,1,20.2,24.2,0,too_short (1 < 2)
243,2024-05-25 01:00:00,2024-05-25 01:30:00,2,29.29,19.48,0,
244,2024-05-25 02:30:00,2024-05-25 03:00:00,2,29.29,19.1,0,
245,2024-05-25 04:00:00,2024-05-25 04:30:00,2,28.77,19.27,0,
246,2024-05-25 16:30:00,2024-05-25 18:30:00,5,27.4,28.78,0,
247,2024-05-25 20:00:00,2024-05-25 20:00:00,1,27.46,25.9,0,too_short (1 < 2)
248,2024-05-25 22:00:00,2024-05-25 22:00:00,1,26.77,23.2,0,too_short (1 < 2)
249,2024-05-25 23:00:00,2024-05-25 23:00:00,1,26.91,22.9,0,too_short (1 < 2)
250,2024-05-26 02:00:00,2024-05-26 02:30:00,2,26.48,22.75,0,
251,2024-05-26 16:30:00,2024-05-26 16:30:00,1,24.4,25.45,0,too_short (1 < 2)
252,2024-05-26 17:30:00,2024-05-26 19:30:00,5,23.19,25.09,0,
253,2024-05-26 22:30:00,2024-05-26 22:30:00,1,25.0,21.9,0,too_short (1 < 2)
254,2024-05-26 23:30:00,2024-05-27 02:00:00,6,24.78,21.54,0,
255,2024-05-27 11:30:00,2024-05-27 13:00:00,4,35.58,24.36,0,
256,2024-05-27 14:00:00,2024-05-27 14:00:00,1,33.55,25.9,0,too_short (1 < 2)
257,2024-05-27 18:00:00,2024-05-27 19:30:00,4,28.85,22.93,0,
258,2024-05-27 20:30:00,2024-05-27 21:00:00,2,28.6,22.05,0,
259,2024-05-27 23:30:00,2024-05-28 03:30:00,9,29.64,20.11,0,
260,2024-05-28 10:30:00,2024-05-28 10:30:00,1,32.8,26.9,0,too_short (1 < 2)
261,2024-05-28 16:30:00,2024-05-28 20:30:00,9,31.3,23.97,0,
262,2024-05-28 21:30:00,2024-05-29 00:00:00,6,30.8,22.42,0,
263,2024-05-29 01:00:00,2024-05-29 01:30:00,2,30.81,21.83,0,
264,2024-05-29 04:00:00,2024-05-29 04:00:00,1,30.36,21.6,0,too_short (1 < 2)
265,2024-05-29 14:30:00,2024-05-29 16:00:00,4,33.09,23.51,0,
266,2024-05-29 17:00:00,2024-05-29 17:00:00,1,30.94,23.0,0,too_short (1 < 2)
267,2024-05-29 19:30:00,2024-05-29 20:00:00,2,28.01,22.98,0,
268,2024-05-29 21:00:00,2024-05-29 23:00:00,5,28.59,21.99,0,
269,2024-05-30 00:00:00,2024-05-30 01:00:00,3,28.73,21.3,0,
270,2024-05-30 02:00:00,2024-05-30 02:30:00,2,28.47,21.12,0,
271,2024-05-30 12:30:00,2024-05-30 12:30:00,1,35.62,24.6,0,too_short (1 < 2)
272,2024-05-30 16:00:00,2024-05-30 16:30:00,2,26.27,24.42,0,
273,2024-05-30 21:00:00,2024-05-30 21:30:00,2,24.53,21.77,0,
274,2024-05-30 22:30:00,2024-05-30 23:00:00,2,24.64,21.25,0,
275,2024-05-31 00:00:00,2024-05-31 02:00:00,5,24.89,20.46,0,
276,2024-05-31 05:30:00,2024-05-31 05:30:00,1,27.19,20.7,0,too_short (1 < 2)
277,2024-05-31 18:00:00,2024-05-31 18:00:00,1,23.2,24.3,0,too_short (1 < 2)
278,2024-05-31 21:30:00,2024-06-01 02:30:00,11,25.12,21.12,0,
279,2024-06-01 03:30:00,2024-06-01 03:30:00,1,25.14,20.25,0,too_short (1 < 2)
280,2024-06-01 12:00:00,2024-06-01 12:00:00,1,34.3,25.0,0,too_short (1 < 2)
281,2024-06-01 22:30:00,2024-06-01 22:30:00,1,25.16,21.35,0,too_short (1 < 2)
282,2024-06-02 00:00:00,2024-06-02 05:00:00,11,25.73,19.94,0,
283,2024-06-02 10:30:00,2024-06-02 10:30:00,1,33.27,26.45,0,too_short (1 < 2)
284,2024-06-02 12:00:00,2024-06-02 12:30:00,2,32.82,27.0,0,
285,2024-06-02 16:00:00,2024-06-02 16:30:00,2,23.78,26.48,0,
286,2024-06-02 17:30:00,2024-06-02 18:30:00,3,23.81,25.92,0,
287,2024-06-02 20:00:00,2024-06-02 20:00:00,1,24.15,24.9,0,too_short (1 < 2)
288,2024-06-02 21:00:00,2024-06-02 21:30:00,2,23.71,24.3,0,
289,2024-06-02 22:30:00,2024-06-03 01:00:00,6,23.49,23.52,0,
290,2024-06-03 02:00:00,2024-06-03 02:30:00,2,23.49,22.93,0,
291,2024-06-03 03:30:00,2024-06-03 03:30:00,1,23.45,22.55,0,too_short (1 < 2)
292,2024-06-03 13:30:00,2024-06-03 14:00:00,2,32.7,27.05,0,
293,2024-06-03 17:30:00,2024-06-03 19:00:00,4,31.53,24.61,0,
294,2024-06-03 20:00:00,2024-06-03 22:00:00,5,33.19,22.11,0,
295,2024-06-03 23:00:00,2024-06-04 01:30:00,6,32.7,21.81,0,
296,2024-06-04 02:30:00,2024-06-04 03:30:00,3,31.91,21.87,0,
297,2024-06-04 15:00:00,2024-06-04 15:00:00,1,31.65,20.8,0,too_short (1 < 2)
298,2024-06-04 21:30:00,2024-06-04 23:30:00,5,32.49,17.59,0,
299,2024-06-05 00:30:00,2024-06-05 01:00:00,2,32.4,17.15,0,
300,2024-06-05 02:00:00,2024-06-05 02:00:00,1,32.03,17.2,0,too_short (1 < 2)
301,2024-06-05 03:30:00,2024-06-05 04:00:00,2,31.6,17.1,0,
302,2024-06-05 11:00:00,2024-06-05 11:00:00,1,36.41,20.9,0,too_short (1 < 2)
303,2024-06-05 19:30:00,2024-06-05 22:00:00,6,34.44,18.15,0,
304,2024-06-05 23:00:00,2024-06-06 00:00:00,3,34.74,17.2,0,
305,2024-06-06 02:00:00,2024-06-06 03:30:00,4,34.67,16.39,0,
306,2024-06-06 14:30:00,2024-06-06 14:30:00,1,36.9,22.35,0,too_short (1 < 2)
307,2024-06-06 22:00:00,2024-06-07 00:30:00,6,29.56,18.09,0,
308,2024-06-07 01:30:00,2024-06-07 02:30:00,3,29.55,17.72,0,
309,2024-06-07 17:30:00,2024-06-07 18:00:00,2,27.22,20.85,0,
310,2024-06-07 20:00:00,2024-06-07 20:00:00,1,27.44,19.7,0,too_short (1 < 2)
311,2024-06-07 21:30:00,2024-06-07 21:30:00,1,25.61,19.05,0,too_short (1 < 2)
312,2024-06-07 22:30:00,2024-06-07 22:30:00,1,24.07,18.65,0,too_short (1 < 2)
313,2024-06-08 01:00:00,2024-06-08 02:30:00,4,29.24,17.29,0,
314,2024-06-08 03:30:00,2024-06-08 04:00:00,2,28.79,17.1,0,
315,2024-06-08 21:30:00,2024-06-08 22:30:00,3,27.6,17.92,0,
316,2024-06-08 23:30:00,2024-06-09 00:00:00,2,27.35,17.83,0,
317,2024-06-09 01:00:00,2024-06-09 01:00:00,1,27.32,17.6,0,too_short (1 < 2)
318,2024-06-09 06:30:00,2024-06-09 06:30:00,1,30.47,18.5,0,too_short (1 < 2)
319,2024-06-09 07:30:00,2024-06-09 07:30:00,1,27.25,19.4,0,too_short (1 < 2)
320,2024-06-09 13:00:00,2024-06-09 13:00:00,1,28.0,21.4,0,too_short (1 < 2)
321,2024-06-09 21:00:00,2024-06-09 22:00:00,3,26.95,18.35,0,
322,2024-06-09 23:00:00,2024-06-10 01:30:00,6,26.56,18.03,0,
323,2024-06-10 02:30:00,2024-06-10 03:00:00,2,26.26,17.65,0,
324,2024-06-10 07:30:00,2024-06-10 07:30:00,1,25.64,18.9,0,too_short (1 < 2)
325,2024-06-10 08:30:00,2024-06-10 08:30:00,1,24.99,19.15,0,too_short (1 < 2)
326,2024-06-10 14:30:00,2024-06-10 14:30:00,1,24.48,19.05,0,too_short (1 < 2)
327,2024-06-10 23:00:00,2024-06-11 00:00:00,3,28.56,17.3,0,
328,2024-06-11 01:30:00,2024-06-11 03:00:00,4,26.21,17.52,0,
329,2024-06-11 04:00:00,2024-06-11 04:00:00,1,30.73,17.4,0,too_short (1 < 2)
330,2024-06-11 21:00:00,2024-06-11 23:30:00,6,25.45,18.28,0,
331,2024-06-12 02:30:00,2024-06-12 04:30:00,5,28.8,17.66,0,
332,2024-06-12 18:00:00,2024-06-12 19:00:00,3,21.66,21.9,0,
333,2024-06-12 23:30:00,2024-06-13 03:30:00,9,30.17,16.72,0,
334,2024-06-13 17:30:00,2024-06-13 18:00:00,2,26.21,24.85,0,
335,2024-06-13 19:00:00,2024-06-13 19:30:00,2,27.02,22.83,0,
336,2024-06-13 20:30:00,2024-06-13 21:00:00,2,28.01,21.4,0,
337,2024-06-13 22:00:00,2024-06-13 22:30:00,2,28.41,20.65,0,
338,2024-06-14 00:30:00,2024-06-14 01:00:00,2,27.86,20.65,0,
339,2024-06-14 03:30:00,2024-06-14 03:30:00,1,27.22,20.55,0,too_short (1 < 2)
340,2024-06-14 14:30:00,2024-06-14 16:30:00,5,23.94,23.65,0,
341,2024-06-14 19:30:00,2024-06-14 19:30:00,1,22.67,23.05,0,too_short (1 < 2)
342,2024-06-14 20:30:00,2024-06-14 23:00:00,6,23.13,21.57,0,
343,2024-06-15 00:00:00,2024-06-15 00:00:00,1,23.09,20.9,0,too_short (1 < 2)
344,2024-06-15 03:30:00,2024-06-15 04:00:00,2,31.19,17.7,0,
345,2024-06-15 20:30:00,2024-06-15 21:00:00,2,23.29,20.98,0,
346,2024-06-15 22:00:00,2024-06-15 22:30:00,2,22.54,20.8,0,
347,2024-06-16 01:30:00,2024-06-16 01:30:00,1,25.69,20.45,0,too_short (1 < 2)
348,2024-06-16 03:00:00,2024-06-16 04:30:00,4,24.76,20.79,0,
349,2024-06-16 08:30:00,2024-06-16 09:30:00,3,24.01,21.23,0,
350,2024-06-16 18:30:00,2024-06-16 19:30:00,3,22.75,21.55,0,
351,2024-06-16 22:00:00,2024-06-16 22:30:00,2,25.27,20.73,0,
352,2024-06-16 23:30:00,2024-06-17 03:30:00,9,24.07,20.63,0,
353,2024-06-17 05:00:00,2024-06-17 05:00:00,1,27.24,20.6,0,too_short (1 < 2)
354,2024-06-17 12:00:00,2024-06-17 12:00:00,1,29.41,24.6,0,too_short (1 < 2)
355,2024-06-17 21:30:00,2024-06-18 00:00:00,6,25.68,20.91,0,
356,2024-06-18 01:00:00,2024-06-18 02:00:00,3,25.01,20.95,0,
357,2024-06-18 03:00:00,2024-06-18 05:00:00,5,24.86,20.32,0,
358,2024-06-18 14:30:00,2024-06-18 15:30:00,3,25.4,21.83,0,
359,2024-06-18 22:00:00,2024-06-18 22:30:00,2,24.19,19.1,0,
360,2024-06-18 23:30:00,2024-06-18 23:30:00,1,28.4,18.55,0,too_short (1 < 2)
361,2024-06-19 01:30:00,2024-06-19 02:00:00,2,28.66,17.85,0,
362,2024-06-19 03:00:00,2024-06-19 04:00:00,3,29.13,16.85,0,
363,2024-06-19 05:00:00,2024-06-19 05:00:00,1,27.14,18.1,0,too_short (1 < 2)
364,2024-06-19 13:00:00,2024-06-19 13:00:00,1,18.36,27.8,0,too_short (1 < 2)
365,2024-06-19 15:30:00,2024-06-19 17:00:00,4,18.99,26.27,0,
366,2024-06-19 21:30:00,2024-06-19 23:30:00,5,24.45,22.62,0,
367,2024-06-20 19:00:00,2024-06-20 22:30:00,8,25.59,24.72,0,
368,2024-06-21 15:30:00,2024-06-21 16:00:00,2,14.95,30.75,0,
369,2024-06-21 17:00:00,2024-06-21 18:00:00,3,15.74,29.25,0,
370,2024-06-21 20:30:00,2024-06-21 21:30:00,3,17.16,26.92,0,
371,2024-06-21 22:30:00,2024-06-21 22:30:00,1,18.5,25.25,0,too_short (1 < 2)
372,2024-06-22 00:00:00,2024-06-22 02:30:00,6,22.89,24.44,0,
373,2024-06-22 13:00:00,2024-06-22 13:00:00,1,25.17,28.1,0,too_short (1 < 2)
374,2024-06-22 16:00:00,2024-06-22 18:00:00,5,19.94,26.97,0,
375,2024-06-22 19:00:00,2024-06-22 19:30:00,2,20.04,26.23,0,
376,2024-06-22 20:30:00,2024-06-22 22:30:00,5,20.74,25.01,0,
377,2024-06-23 00:30:00,2024-06-23 00:30:00,1,21.26,23.65,0,too_short (1 < 2)
378,2024-06-23 02:00:00,2024-06-23 03:30:00,4,25.95,22.46,0,
379,2024-06-23 06:30:00,2024-06-23 06:30:00,1,28.96,23.25,0,too_short (1 < 2)
380,2024-06-23 18:00:00,2024-06-23 19:00:00,3,24.51,27.9,0,
381,2024-06-23 21:30:00,2024-06-23 22:00:00,2,27.32,24.3,0,
382,2024-06-23 23:00:00,2024-06-23 23:30:00,2,27.9,23.38,0,
383,2024-06-24 00:30:00,2024-06-24 00:30:00,1,27.34,23.5,0,too_short (1 < 2)
384,2024-06-24 17:00:00,2024-06-24 17:30:00,2,18.47,33.38,0,
385,2024-06-24 19:00:00,2024-06-24 19:00:00,1,17.15,32.4,0,too_short (1 < 2)
386,2024-06-24 20:00:00,2024-06-24 21:00:00,3,18.75,30.55,0,
387,2024-06-24 22:00:00,2024-06-24 22:30:00,2,20.36,28.62,0,
388,2024-06-25 01:00:00,2024-06-25 01:30:00,2,20.21,27.25,0,
389,2024-06-25 06:00:00,2024-06-25 06:30:00,2,20.32,25.93,0,
390,2024-06-25 10:30:00,2024-06-25 11:00:00,2,22.91,24.77,0,
391,2024-06-25 12:30:00,2024-06-25 13:00:00,2,19.14,24.77,0,
392,2024-06-25 15:00:00,2024-06-25 17:00:00,5,22.84,23.14,0,
393,2024-06-25 20:30:00,2024-06-25 23:00:00,6,25.79,21.14,0,
394,2024-06-26 00:30:00,2024-06-26 02:00:00,4,25.37,20.38,0,
395,2024-06-26 06:30:00,2024-06-26 06:30:00,1,32.32,22.3,0,too_short (1 < 2)
396,2024-06-26 11:30:00,2024-06-26 11:30:00,1,20.62,29.05,0,too_short (1 < 2)
397,2024-06-26 13:00:00,2024-06-26 15:00:00,5,17.17,29.53,0,
398,2024-06-26 18:30:00,2024-06-26 20:30:00,5,18.01,28.95,0,
399,2024-06-26 22:30:00,2024-06-27 01:00:00,6,18.44,27.61,0,
400,2024-06-27 16:30:00,2024-06-27 17:00:00,2,21.94,27.2,0,
401,2024-06-27 19:00:00,2024-06-27 20:30:00,4,23.03,25.06,0,
402,2024-06-27 21:30:00,2024-06-27 22:30:00,3,23.19,24.43,0,
403,2024-06-27 23:30:00,2024-06-28 00:00:00,2,22.92,23.93,0,
404,2024-06-28 02:00:00,2024-06-28 03:00:00,3,23.79,23.45,0,
405,2024-06-28 04:00:00,2024-06-28 04:00:00,1,22.06,22.8,0,too_short (1 < 2)
406,2024-06-28 07:30:00,2024-06-28 07:30:00,1,37.36,21.6,0,too_short (1 < 2)
407,2024-06-28 12:30:00,2024-06-28 12:30:00,1,34.45,24.35,0,too_short (1 < 2)
408,2024-06-28 14:00:00,2024-06-28 15:00:00,3,33.52,24.3,0,
409,2024-06-28 17:30:00,2024-06-28 17:30:00,1,30.94,23.75,0,too_short (1 < 2)
410,2024-06-28 19:00:00,2024-06-28 20:30:00,4,29.74,22.75,0,
411,2024-06-28 22:30:00,2024-06-28 23:00:00,2,30.96,20.93,0,
412,2024-06-29 00:00:00,2024-06-29 00:30:00,2,30.97,20.55,0,
413,2024-06-29 02:30:00,2024-06-29 03:30:00,3,26.09,20.4,0,
414,2024-06-29 19:00:00,2024-06-29 19:00:00,1,20.5,23.2,0,too_short (1 < 2)
415,2024-06-29 20:30:00,2024-06-29 23:30:00,7,25.32,22.36,0,
416,2024-06-30 01:00:00,2024-06-30 03:00:00,5,24.23,21.54,0,
417,2024-06-30 17:30:00,2024-06-30 18:00:00,2,20.94,24.93,0,
418,2024-06-30 21:00:00,2024-06-30 23:00:00,5,21.01,23.19,0,
419,2024-07-01 00:30:00,2024-07-01 03:00:00,6,26.1,21.14,0,
420,2024-07-01 05:00:00,2024-07-01 05:00:00,1,22.37,21.8,0,too_short (1 < 2)
421,2024-07-01 13:00:00,2024-07-01 13:00:00,1,20.36,24.6,0,too_short (1 < 2)
422,2024-07-01 15:30:00,2024-07-01 17:30:00,5,20.84,24.33,0,
423,2024-07-01 20:00:00,2024-07-01 20:00:00,1,24.44,23.1,0,too_short (1 < 2)
424,2024-07-01 21:00:00,2024-07-01 22:30:00,4,25.04,22.11,0,
425,2024-07-02 00:30:00,2024-07-02 02:00:00,4,24.45,20.84,0,
426,2024-07-02 03:00:00,2024-07-02 03:00:00,1,23.0,20.8,0,too_short (1 < 2)
427,2024-07-02 04:00:00,2024-07-02 05:00:00,3,25.26,20.85,0,
428,2024-07-02 09:00:00,2024-07-02 09:00:00,1,19.49,24.3,0,too_short (1 < 2)
429,2024-07-02 11:00:00,2024-07-02 12:00:00,3,21.26,26.1,0,
430,2024-07-02 22:30:00,2024-07-02 23:00:00,2,25.19,20.45,0,
431,2024-07-03 00:00:00,2024-07-03 01:30:00,4,25.43,19.55,0,
432,2024-07-03 03:00:00,2024-07-03 04:00:00,3,29.07,19.4,0,
433,2024-07-03 05:00:00,2024-07-03 05:00:00,1,25.51,19.8,0,too_short (1 < 2)
434,2024-07-03 14:00:00,2024-07-03 14:30:00,2,20.24,26.9,0,
435,2024-07-03 16:00:00,2024-07-03 19:30:00,8,21.24,23.58,0,
436,2024-07-03 20:30:00,2024-07-03 21:30:00,3,23.05,20.63,0,
437,2024-07-04 00:00:00,2024-07-04 00:00:00,1,30.34,19.5,0,too_short (1 < 2)
438,2024-07-04 01:30:00,2024-07-04 02:00:00,2,30.47,18.95,0,
439,2024-07-04 05:00:00,2024-07-04 05:00:00,1,33.69,19.3,0,too_short (1 < 2)
440,2024-07-04 19:00:00,2024-07-04 22:00:00,7,25.06,21.12,0,
441,2024-07-05 01:00:00,2024-07-05 01:30:00,2,23.88,21.05,0,
442,2024-07-05 17:00:00,2024-07-05 17:00:00,1,23.27,24.2,0,too_short (1 < 2)
443,2024-07-05 18:00:00,2024-07-05 18:00:00,1,21.83,24.1,0,too_short (1 < 2)
444,2024-07-05 19:00:00,2024-07-05 19:00:00,1,22.76,23.1,0,too_short (1 < 2)
445,2024-07-05 20:30:00,2024-07-05 23:00:00,6,24.41,21.1,0,
446,2024-07-06 00:30:00,2024-07-06 02:00:00,4,24.37,20.39,0,
447,2024-07-06 03:00:00,2024-07-06 03:00:00,1,29.37,20.2,0,too_short (1 < 2)
448,2024-07-06 04:30:00,2024-07-06 04:30:00,1,25.01,19.9,0,too_short (1 < 2)
449,2024-07-06 09:30:00,2024-07-06 10:00:00,2,29.91,20.52,0,
450,2024-07-06 17:00:00,2024-07-06 17:00:00,1,25.5,21.0,0,too_short (1 < 2)
451,2024-07-06 18:00:00,2024-07-06 18:00:00,1,25.1,20.6,0,too_short (1 < 2)
452,2024-07-06 20:00:00,2024-07-06 21:30:00,4,24.96,20.15,0,
453,2024-07-06 22:30:00,2024-07-06 23:00:00,2,24.61,20.12,0,
454,2024-07-07 00:00:00,2024-07-07 00:00:00,1,24.25,20.1,0,too_short (1 < 2)
455,2024-07-07 03:00:00,2024-07-07 03:00:00,1,29.23,19.8,0,too_short (1 < 2)
456,2024-07-07 06:30:00,2024-07-07 06:30:00,1,28.87,20.4,0,too_short (1 < 2)
457,2024-07-07 16:30:00,2024-07-07 18:00:00,4,27.45,23.05,0,
458,2024-07-07 19:30:00,2024-07-07 20:00:00,2,28.23,21.75,0,
459,2024-07-07 21:00:00,2024-07-07 21:30:00,2,28.79,20.9,0,
460,2024-07-07 22:30:00,2024-07-08 01:00:00,6,29.97,19.03,0,
461,2024-07-08 14:00:00,2024-07-08 14:30:00,2,28.97,25.1,0,
462,2024-07-08 17:00:00,2024-07-08 23:30:00,14,24.04,22.82,0,
463,2024-07-09 09:30:00,2024-07-09 10:00:00,2,32.04,25.7,0,
464,2024-07-09 15:30:00,2024-07-09 16:00:00,2,23.66,25.2,0,
465,2024-07-09 17:00:00,2024-07-09 17:30:00,2,23.73,24.15,0,
466,2024-07-09 18:30:00,2024-07-09 21:00:00,6,23.79,23.4,0,
467,2024-07-10 00:30:00,2024-07-10 01:00:00,2,23.62,22.35,0,
468,2024-07-10 03:30:00,2024-07-10 04:30:00,3,23.35,22.13,0,
469,2024-07-10 13:30:00,2024-07-10 13:30:00,1,24.78,21.75,0,too_short (1 < 2)
470,2024-07-10 17:30:00,2024-07-10 17:30:00,1,21.74,21.7,0,too_short (1 < 2)
471,2024-07-10 19:00:00,2024-07-10 20:30:00,4,26.21,21.31,0,
472,2024-07-10 21:30:00,2024-07-10 21:30:00,1,26.2,20.85,0,too_short (1 < 2)
473,2024-07-10 23:30:00,2024-07-11 02:30:00,7,25.24,20.56,0,
474,2024-07-11 04:00:00,2024-07-11 04:30:00,2,26.4,20.45,0,
475,2024-07-11 12:30:00,2024-07-11 12:30:00,1,24.14,23.7,0,too_short (1 < 2)
476,2024-07-11 14:30:00,2024-07-11 15:00:00,2,21.95,23.95,0,
477,2024-07-11 16:00:00,2024-07-11 16:00:00,1,20.46,24.0,0,too_short (1 < 2)
478,2024-07-11 18:00:00,2024-07-11 20:00:00,5,23.24,23.16,0,
479,2024-07-11 22:30:00,2024-07-12 02:30:00,9,24.16,20.75,0,
480,2024-07-12 03:30:00,2024-07-12 03:30:00,1,28.71,19.45,0,too_short (1 < 2)
481,2024-07-12 04:30:00,2024-07-12 05:00:00,2,25.57,20.43,0,
482,2024-07-12 13:30:00,2024-07-12 15:30:00,5,20.5,25.06,0,
483,2024-07-12 18:30:00,2024-07-12 20:30:00,5,22.82,23.51,0,
484,2024-07-12 22:30:00,2024-07-13 02:00:00,8,22.78,22.24,0,
485,2024-07-13 04:00:00,2024-07-13 04:30:00,2,24.8,21.75,0,
486,2024-07-13 09:00:00,2024-07-13 09:00:00,1,26.67,22.4,0,too_short (1 < 2)
487,2024-07-13 13:00:00,2024-07-13 14:00:00,3,20.67,22.95,0,
488,2024-07-13 15:30:00,2024-07-13 16:00:00,2,24.69,23.12,0,
489,2024-07-13 18:00:00,2024-07-13 18:00:00,1,23.95,22.6,0,too_short (1 < 2)
490,2024-07-13 20:30:00,2024-07-14 02:00:00,12,23.34,21.76,0,
491,2024-07-14 03:30:00,2024-07-14 04:30:00,3,26.86,21.43,0,
492,2024-07-14 14:00:00,2024-07-14 14:00:00,1,28.56,24.5,0,too_short (1 < 2)
493,2024-07-14 16:30:00,2024-07-14 17:00:00,2,26.29,24.6,0,
494,2024-07-14 18:30:00,2024-07-15 00:00:00,12,25.53,22.97,0,
495,2024-07-15 02:00:00,2024-07-15 03:30:00,4,25.04,21.19,0,
496,2024-07-15 16:30:00,2024-07-15 16:30:00,1,27.84,27.05,0,too_short (1 < 2)
497,2024-07-15 18:30:00,2024-07-15 20:30:00,5,29.21,24.87,0,
498,2024-07-15 21:30:00,2024-07-15 22:00:00,2,31.21,22.35,0,
499,2024-07-15 23:00:00,2024-07-16 01:30:00,6,31.79,21.12,0,
500,2024-07-16 02:30:00,2024-07-16 03:00:00,2,30.29,21.35,0,
501,2024-07-16 16:30:00,2024-07-16 16:30:00,1,26.19,26.6,0,too_short (1 < 2)
502,2024-07-16 18:30:00,2024-07-16 22:30:00,9,27.24,24.52,0,
503,2024-07-16 23:30:00,2024-07-17 00:00:00,2,28.26,22.75,0,
504,2024-07-17 17:00:00,2024-07-17 21:00:00,9,18.23,27.89,0,
505,2024-07-17 22:00:00,2024-07-17 22:30:00,2,20.17,25.17,0,
506,2024-07-18 01:00:00,2024-07-18 01:30:00,2,18.73,25.8,0,
507,2024-07-18 14:00:00,2024-07-18 14:00:00,1,19.6,30.3,0,too_short (1 < 2)
508,2024-07-18 16:00:00,2024-07-18 20:30:00,10,18.7,28.29,0,
509,2024-07-18 22:30:00,2024-07-18 23:00:00,2,20.56,25.23,0,
510,2024-07-19 00:00:00,2024-07-19 01:30:00,4,20.81,24.5,0,
511,2024-07-19 14:00:00,2024-07-19 14:30:00,2,16.88,31.93,0,
512,2024-07-19 18:30:00,2024-07-19 20:00:00,4,16.14,30.35,0,
513,2024-07-19 22:00:00,2024-07-20 02:00:00,9,17.3,28.27,0,
514,2024-07-20 03:00:00,2024-07-20 03:00:00,1,17.4,26.9,0,too_short (1 < 2)
515,2024-07-20 04:00:00,2024-07-20 04:00:00,1,21.58,26.9,0,too_short (1 < 2)
516,2024-07-20 09:30:00,2024-07-20 09:30:00,1,23.53,28.4,0,too_short (1 < 2)
517,2024-07-20 11:00:00,2024-07-20 11:00:00,1,22.36,29.0,0,too_short (1 < 2)
518,2024-07-20 14:00:00,2024-07-20 18:00:00,9,20.74,28.16,0,
519,2024-07-20 19:00:00,2024-07-21 00:30:00,12,23.98,23.7,0,
520,2024-07-21 02:30:00,2024-07-21 03:00:00,2,26.15,22.02,0,
521,2024-07-21 16:30:00,2024-07-21 18:30:00,5,22.41,26.48,0,
522,2024-07-21 19:30:00,2024-07-21 20:30:00,3,23.29,24.62,0,
523,2024-07-21 21:30:00,2024-07-22 02:00:00,10,25.07,21.94,0,
524,2024-07-22 03:00:00,2024-07-22 03:00:00,1,22.05,21.7,0,too_short (1 < 2)
525,2024-07-22 17:00:00,2024-07-22 21:30:00,10,24.09,24.41,0,
526,2024-07-23 00:00:00,2024-07-23 01:30:00,4,24.29,22.91,0,
527,2024-07-23 04:00:00,2024-07-23 04:00:00,1,26.3,22.1,0,too_short (1 < 2)
528,2024-07-23 09:00:00,2024-07-23 09:00:00,1,34.78,24.4,0,too_short (1 < 2)
529,2024-07-23 12:30:00,2024-07-23 13:00:00,2,29.88,26.85,0,
530,2024-07-23 18:00:00,2024-07-23 20:30:00,6,25.92,25.67,0,
531,2024-07-23 21:30:00,2024-07-23 22:30:00,3,27.47,23.53,0,
532,2024-07-24 00:30:00,2024-07-24 01:00:00,2,26.92,22.83,0,
533,2024-07-24 03:00:00,2024-07-24 03:00:00,1,24.95,21.9,0,too_short (1 < 2)
534,2024-07-24 16:30:00,2024-07-24 17:30:00,3,15.32,30.0,0,
535,2024-07-24 20:00:00,2024-07-24 21:00:00,3,19.78,27.75,0,
536,2024-07-24 22:30:00,2024-07-24 22:30:00,1,20.53,26.5,0,too_short (1 < 2)
537,2024-07-25 01:00:00,2024-07-25 02:30:00,4,20.47,25.64,0,
538,2024-07-25 07:00:00,2024-07-25 07:00:00,1,32.31,26.5,0,too_short (1 < 2)
539,2024-07-25 12:00:00,2024-07-25 13:00:00,3,24.15,28.8,0,
540,2024-07-25 14:30:00,2024-07-25 15:30:00,3,23.47,26.35,0,
541,2024-07-25 17:30:00,2024-07-25 21:30:00,9,22.42,25.54,0,
542,2024-07-25 22:30:00,2024-07-25 23:00:00,2,23.85,23.45,0,
543,2024-07-26 00:00:00,2024-07-26 01:00:00,3,24.32,22.55,0,
544,2024-07-26 17:00:00,2024-07-26 20:00:00,7,21.25,26.11,0,
545,2024-07-26 21:00:00,2024-07-26 22:00:00,3,23.22,23.55,0,
546,2024-07-26 23:00:00,2024-07-27 01:00:00,5,23.96,22.25,0,
547,2024-07-27 19:30:00,2024-07-27 22:00:00,6,23.38,24.99,0,
548,2024-07-27 23:00:00,2024-07-28 02:30:00,8,24.61,22.75,0,
549,2024-07-28 13:00:00,2024-07-28 13:00:00,1,29.45,29.0,0,too_short (1 < 2)
550,2024-07-28 14:30:00,2024-07-28 14:30:00,1,25.75,28.9,0,too_short (1 < 2)
551,2024-07-28 17:00:00,2024-07-28 19:00:00,5,26.22,26.91,0,
552,2024-07-28 20:00:00,2024-07-28 22:30:00,6,26.52,26.03,0,
553,2024-07-29 17:30:00,2024-07-29 19:30:00,5,20.57,29.26,0,
554,2024-07-29 20:30:00,2024-07-29 23:00:00,6,22.14,26.89,0,
555,2024-07-30 01:00:00,2024-07-30 01:00:00,1,23.56,24.8,0,too_short (1 < 2)
556,2024-07-30 16:30:00,2024-07-30 16:30:00,1,28.12,27.2,0,too_short (1 < 2)
557,2024-07-30 18:00:00,2024-07-30 22:00:00,9,27.82,24.6,0,
558,2024-07-30 23:00:00,2024-07-31 01:30:00,6,29.68,21.75,0,
559,2024-07-31 02:30:00,2024-07-31 02:30:00,1,30.36,20.05,0,too_short (1 < 2)
560,2024-07-31 14:00:00,2024-07-31 14:00:00,1,27.7,25.2,0,too_short (1 < 2)
561,2024-07-31 16:30:00,2024-07-31 17:30:00,3,25.94,25.48,0,
562,2024-07-31 19:00:00,2024-07-31 19:30:00,2,26.27,24.6,0,
563,2024-07-31 21:00:00,2024-07-31 21:00:00,1,26.9,23.6,0,too_short (1 < 2)
564,2024-07-31 22:00:00,2024-07-31 23:00:00,3,27.85,22.3,0,
565,2024-08-01 00:00:00,2024-08-01 00:30:00,2,28.24,21.42,0,
566,2024-08-01 01:30:00,2024-08-01 02:00:00,2,27.71,21.5,0,
567,2024-08-01 14:00:00,2024-08-01 14:30:00,2,18.98,30.05,0,
568,2024-08-01 15:30:00,2024-08-01 18:00:00,6,17.11,30.85,0,
569,2024-08-01 19:30:00,2024-08-01 22:30:00,7,19.68,26.76,0,
570,2024-08-01 23:30:00,2024-08-02 01:30:00,5,21.03,24.78,0,
571,2024-08-02 10:00:00,2024-08-02 13:00:00,7,14.34,31.29,0,
572,2024-08-02 14:00:00,2024-08-02 15:00:00,3,12.28,31.5,0,
573,2024-08-02 17:30:00,2024-08-02 17:30:00,1,17.29,29.9,0,too_short (1 < 2)
574,2024-08-02 18:30:00,2024-08-02 19:00:00,2,17.94,28.7,0,
575,2024-08-02 21:30:00,2024-08-03 01:00:00,8,21.39,24.14,0,
576,2024-08-03 03:30:00,2024-08-03 03:30:00,1,27.0,20.95,0,too_short (1 < 2)
577,2024-08-03 15:30:00,2024-08-03 17:00:00,4,25.76,26.5,0,
578,2024-08-03 19:00:00,2024-08-04 00:00:00,11,28.05,23.01,0,
579,2024-08-04 14:30:00,2024-08-04 14:30:00,1,20.35,28.95,0,too_short (1 < 2)
580,2024-08-04 16:00:00,2024-08-04 16:00:00,1,20.26,28.2,0,too_short (1 < 2)
581,2024-08-04 18:30:00,2024-08-04 18:30:00,1,20.24,25.9,0,too_short (1 < 2)
582,2024-08-04 19:30:00,2024-08-04 21:00:00,4,20.62,25.12,0,
583,2024-08-05 05:00:00,2024-08-05 05:00:00,1,30.13,27.4,0,too_short (1 < 2)
584,2024-08-05 10:00:00,2024-08-05 10:00:00,1,25.23,32.8,0,too_short (1 < 2)
585,2024-08-05 15:30:00,2024-08-05 15:30:00,1,22.78,29.0,0,too_short (1 < 2)
586,2024-08-05 18:30:00,2024-08-05 20:30:00,5,19.19,27.55,0,
587,2024-08-05 21:30:00,2024-08-06 00:00:00,6,20.82,25.32,0,
588,2024-08-06 01:00:00,2024-08-06 01:00:00,1,20.55,25.2,0,too_short (1 < 2)
589,2024-08-06 16:30:00,2024-08-06 19:30:00,7,19.75,27.63,0,
590,2024-08-06 21:00:00,2024-08-06 21:30:00,2,21.65,24.9,0,
591,2024-08-06 22:30:00,2024-08-07 01:00:00,6,22.35,23.53,0,
592,2024-08-07 15:00:00,2024-08-07 15:00:00,1,22.92,27.3,0,too_short (1 < 2)
593,2024-08-07 17:30:00,2024-08-07 21:00:00,8,24.52,24.69,0,
594,2024-08-07 22:30:00,2024-08-08 00:00:00,4,24.43,23.65,0,
595,2024-08-08 01:30:00,2024-08-08 01:30:00,1,20.52,23.7,0,too_short (1 < 2)
596,2024-08-08 10:00:00,2024-08-08 10:00:00,1,25.37,26.8,0,too_short (1 < 2)
597,2024-08-08 11:30:00,2024-08-08 11:30:00,1,23.14,27.85,0,too_short (1 < 2)
598,2024-08-08 12:30:00,2024-08-08 12:30:00,1,22.25,27.95,0,too_short (1 < 2)
599,2024-08-08 15:00:00,2024-08-08 19:30:00,10,20.87,26.64,0,
600,2024-08-08 20:30:00,2024-08-08 21:30:00,3,22.03,24.58,0,
601,2024-08-08 22:30:00,2024-08-09 01:30:00,7,21.54,24.48,0,
602,2024-08-09 12:00:00,2024-08-09 12:00:00,1,25.86,27.1,0,too_short (1 < 2)
603,2024-08-09 19:30:00,2024-08-09 21:00:00,4,24.63,24.27,0,
604,2024-08-09 22:00:00,2024-08-10 00:30:00,6,24.36,23.93,0,
605,2024-08-10 03:00:00,2024-08-10 03:00:00,1,25.33,24.1,0,too_short (1 < 2)
606,2024-08-10 15:30:00,2024-08-10 15:30:00,1,16.86,26.15,0,too_short (1 < 2)
607,2024-08-10 16:30:00,2024-08-10 16:30:00,1,16.37,25.95,0,too_short (1 < 2)
608,2024-08-10 20:00:00,2024-08-10 21:00:00,3,23.64,24.3,0,
609,2024-08-10 23:00:00,2024-08-11 01:30:00,6,24.05,22.96,0,
610,2024-08-11 12:30:00,2024-08-11 12:30:00,1,28.15,28.45,0,too_short (1 < 2)
611,2024-08-11 17:30:00,2024-08-11 18:00:00,2,24.34,26.7,0,
612,2024-08-11 19:00:00,2024-08-11 19:30:00,2,25.25,25.5,0,
613,2024-08-11 23:30:00,2024-08-12 00:00:00,2,24.6,25.17,0,
614,2024-08-12 01:30:00,2024-08-12 01:30:00,1,23.22,26.1,0,too_short (1 < 2)
615,2024-08-12 04:30:00,2024-08-12 04:30:00,1,18.82,26.3,0,too_short (1 < 2)
616,2024-08-12 16:00:00,2024-08-12 21:00:00,11,22.66,27.7,0,
617,2024-08-12 22:00:00,2024-08-13 00:00:00,5,25.55,23.86,0,
618,2024-08-13 01:00:00,2024-08-13 02:00:00,3,25.57,23.25,0,
619,2024-08-13 14:30:00,2024-08-13 16:00:00,4,22.05,30.11,0,
620,2024-08-13 18:00:00,2024-08-13 18:30:00,2,24.0,26.65,0,
621,2024-08-13 19:30:00,2024-08-13 20:00:00,2,25.07,25.23,0,
622,2024-08-13 21:00:00,2024-08-13 21:30:00,2,25.45,24.52,0,
623,2024-08-13 22:30:00,2024-08-13 23:30:00,3,25.66,23.88,0,
624,2024-08-14 00:30:00,2024-08-14 01:30:00,3,25.83,23.1,0,
625,2024-08-14 14:00:00,2024-08-14 14:00:00,1,23.5,29.6,0,too_short (1 < 2)
626,2024-08-14 17:30:00,2024-08-14 19:30:00,5,22.45,27.74,0,
627,2024-08-14 20:30:00,2024-08-14 21:30:00,3,23.85,25.83,0,
628,2024-08-14 22:30:00,2024-08-15 02:30:00,9,23.42,25.39,0,
629,2024-08-15 14:00:00,2024-08-15 14:00:00,1,23.64,26.1,0,too_short (1 < 2)
630,2024-08-15 16:00:00,2024-08-15 20:00:00,9,20.96,25.42,0,
631,2024-08-15 21:00:00,2024-08-15 22:00:00,3,22.96,22.9,0,
632,2024-08-16 11:00:00,2024-08-16 11:00:00,1,17.33,26.6,0,too_short (1 < 2)
633,2024-08-16 13:30:00,2024-08-16 15:00:00,4,20.46,25.94,0,
634,2024-08-16 20:00:00,2024-08-16 22:00:00,5,23.32,24.08,0,
635,2024-08-16 23:30:00,2024-08-17 01:00:00,4,22.9,23.69,0,
636,2024-08-17 02:00:00,2024-08-17 03:30:00,4,23.01,22.95,0,
637,2024-08-17 11:30:00,2024-08-17 11:30:00,1,21.58,26.8,0,too_short (1 < 2)
638,2024-08-17 14:00:00,2024-08-17 15:00:00,3,19.39,26.0,0,
639,2024-08-17 16:30:00,2024-08-17 16:30:00,1,16.61,25.8,0,too_short (1 < 2)
640,2024-08-17 18:30:00,2024-08-17 18:30:00,1,22.92,24.9,0,too_short (1 < 2)
641,2024-08-17 20:00:00,2024-08-17 20:30:00,2,23.33,24.1,0,
642,2024-08-17 22:30:00,2024-08-17 23:30:00,3,23.53,23.28,0,
643,2024-08-18 00:30:00,2024-08-18 01:00:00,2,23.07,23.32,0,
644,2024-08-18 02:00:00,2024-08-18 03:30:00,4,23.01,23.0,0,
645,2024-08-18 12:30:00,2024-08-18 12:30:00,1,27.05,25.8,0,too_short (1 < 2)
646,2024-08-18 14:00:00,2024-08-18 14:30:00,2,24.69,25.88,0,
647,2024-08-18 16:00:00,2024-08-18 18:30:00,6,23.28,24.68,0,
648,2024-08-18 20:00:00,2024-08-18 20:00:00,1,24.38,22.9,0,too_short (1 < 2)
649,2024-08-18 21:00:00,2024-08-18 21:30:00,2,24.65,22.35,0,
650,2024-08-18 22:30:00,2024-08-18 22:30:00,1,24.4,22.3,0,too_short (1 < 2)
651,2024-08-19 03:30:00,2024-08-19 04:00:00,2,24.74,23.2,0,
652,2024-08-19 05:30:00,2024-08-19 05:30:00,1,23.04,23.5,0,too_short (1 < 2)
653,2024-08-19 09:00:00,2024-08-19 09:30:00,2,20.36,25.02,0,
654,2024-08-19 11:00:00,2024-08-19 11:00:00,1,19.91,24.8,0,too_short (1 < 2)
655,2024-08-19 16:00:00,2024-08-19 16:00:00,1,18.41,26.2,0,too_short (1 < 2)
656,2024-08-19 18:30:00,2024-08-19 20:00:00,4,22.97,24.88,0,
657,2024-08-19 21:00:00,2024-08-19 21:00:00,1,23.03,24.4,0,too_short (1 < 2)
658,2024-08-19 23:00:00,2024-08-20 01:30:00,6,23.23,23.41,0,
659,2024-08-20 11:00:00,2024-08-20 12:00:00,3,29.58,25.75,0,
660,2024-08-20 14:00:00,2024-08-20 14:30:00,2,27.09,25.73,0,
661,2024-08-20 16:30:00,2024-08-20 16:30:00,1,25.85,24.85,0,too_short (1 < 2)
662,2024-08-20 18:00:00,2024-08-20 21:30:00,8,26.15,22.71,0,
663,2024-08-21 01:00:00,2024-08-21 03:30:00,6,24.33,21.69,0,
664,2024-08-21 04:30:00,2024-08-21 04:30:00,1,24.08,21.05,0,too_short (1 < 2)
665,2024-08-21 20:00:00,2024-08-21 22:00:00,5,20.38,25.63,0,
666,2024-08-21 23:00:00,2024-08-22 01:00:00,5,20.29,25.02,0,
667,2024-08-22 03:30:00,2024-08-22 03:30:00,1,24.55,25.3,0,too_short (1 < 2)
668,2024-08-22 17:30:00,2024-08-22 17:30:00,1,25.49,24.9,0,too_short (1 < 2)
669,2024-08-22 20:00:00,2024-08-22 22:30:00,6,27.63,22.02,0,
670,2024-08-23 01:00:00,2024-08-23 04:30:00,8,26.75,20.87,0,
671,2024-08-23 17:00:00,2024-08-23 17:00:00,1,27.57,24.5,0,too_short (1 < 2)
672,2024-08-23 18:30:00,2024-08-23 19:00:00,2,27.03,23.27,0,
673,2024-08-23 20:00:00,2024-08-24 00:00:00,9,28.31,21.31,0,
674,2024-08-24 01:00:00,2024-08-24 01:30:00,2,27.93,20.82,0,
675,2024-08-24 09:00:00,2024-08-24 09:00:00,1,38.58,22.3,0,too_short (1 < 2)
676,2024-08-24 14:00:00,2024-08-24 14:00:00,1,29.31,25.7,0,too_short (1 < 2)
677,2024-08-24 15:00:00,2024-08-24 15:30:00,2,28.41,25.08,0,
678,2024-08-24 16:30:00,2024-08-24 23:30:00,15,28.57,22.42,0,
679,2024-08-25 01:00:00,2024-08-25 01:00:00,1,28.17,21.3,0,too_short (1 < 2)
680,2024-08-25 02:30:00,2024-08-25 04:00:00,4,25.95,20.86,0,
681,2024-08-25 11:30:00,2024-08-25 11:30:00,1,29.7,25.45,0,too_short (1 < 2)
682,2024-08-25 17:00:00,2024-08-25 23:30:00,14,22.44,22.78,0,
683,2024-08-26 01:00:00,2024-08-26 01:30:00,2,27.92,21.1,0,
684,2024-08-26 06:30:00,2024-08-26 06:30:00,1,27.95,21.1,0,too_short (1 < 2)
685,2024-08-26 10:00:00,2024-08-26 10:00:00,1,26.03,24.1,0,too_short (1 < 2)
686,2024-08-26 12:30:00,2024-08-26 12:30:00,1,22.61,25.9,0,too_short (1 < 2)
687,2024-08-26 15:30:00,2024-08-26 16:00:00,2,17.19,26.95,0,
688,2024-08-26 17:00:00,2024-08-26 20:30:00,8,17.88,25.57,0,
689,2024-08-26 22:00:00,2024-08-26 22:00:00,1,25.07,24.1,0,too_short (1 < 2)
690,2024-08-26 23:30:00,2024-08-27 00:30:00,3,24.56,24.13,0,
691,2024-08-27 02:30:00,2024-08-27 02:30:00,1,23.46,24.25,0,too_short (1 < 2)
692,2024-08-27 03:30:00,2024-08-27 03:30:00,1,21.71,24.55,0,too_short (1 < 2)
693,2024-08-27 12:00:00,2024-08-27 12:00:00,1,20.25,29.8,0,too_short (1 < 2)
694,2024-08-27 14:30:00,2024-08-27 14:30:00,1,17.12,30.4,0,too_short (1 < 2)
695,2024-08-27 16:30:00,2024-08-27 17:00:00,2,17.78,28.15,0,
696,2024-08-27 18:00:00,2024-08-27 20:30:00,6,18.73,25.94,0,
697,2024-08-27 23:00:00,2024-08-28 01:30:00,6,24.69,24.61,0,
698,2024-08-28 05:30:00,2024-08-28 05:30:00,1,24.39,26.2,0,too_short (1 < 2)
699,2024-08-28 17:00:00,2024-08-28 17:30:00,2,25.1,27.55,0,
700,2024-08-28 18:30:00,2024-08-28 19:00:00,2,26.49,25.15,0,
701,2024-08-28 20:00:00,2024-08-28 20:30:00,2,27.32,24.0,0,
702,2024-08-28 23:00:00,2024-08-29 01:30:00,6,28.57,21.67,0,
703,2024-08-29 02:30:00,2024-08-29 03:00:00,2,26.88,21.58,0,
704,2024-08-29 15:30:00,2024-08-29 15:30:00,1,18.6,25.1,0,too_short (1 < 2)
705,2024-08-29 17:00:00,2024-08-29 18:00:00,3,18.05,24.45,0,
706,2024-08-29 19:30:00,2024-08-29 20:30:00,3,26.62,22.53,0,
707,2024-08-29 21:30:00,2024-08-29 21:30:00,1,27.0,21.8,0,too_short (1 < 2)
708,2024-08-30 00:30:00,2024-08-30 02:00:00,4,26.2,21.54,0,
709,2024-08-30 04:30:00,2024-08-30 04:30:00,1,23.88,21.6,0,too_short (1 < 2)
710,2024-08-30 10:30:00,2024-08-30 10:30:00,1,26.51,24.6,0,too_short (1 < 2)
711,2024-08-30 14:00:00,2024-08-30 14:00:00,1,24.11,26.1,0,too_short (1 < 2)
712,2024-08-30 17:30:00,2024-08-30 18:00:00,2,22.21,25.27,0,
713,2024-08-30 19:00:00,2024-08-30 21:30:00,6,24.58,22.43,0,
714,2024-08-30 22:30:00,2024-08-30 23:00:00,2,27.41,19.12,0,
715,2024-08-31 00:00:00,2024-08-31 00:30:00,2,27.6,18.57,0,
716,2024-08-31 01:30:00,2024-08-31 01:30:00,1,27.69,18.05,0,too_short (1 < 2)
717,2024-08-31 18:00:00,2024-08-31 18:00:00,1,24.31,27.3,0,too_short (1 < 2)
718,2024-08-31 19:00:00,2024-08-31 19:30:00,2,26.09,25.3,0,
719,2024-08-31 20:30:00,2024-08-31 23:00:00,6,28.5,22.36,0,
720,2024-09-01 00:00:00,2024-09-01 00:30:00,2,29.49,20.7,0,
721,2024-09-01 01:30:00,2024-09-01 01:30:00,1,29.83,20.1,0,too_short (1 < 2)
722,2024-09-01 05:00:00,2024-09-01 05:00:00,1,42.08,18.2,0,too_short (1 < 2)
723,2024-09-01 15:00:00,2024-09-01 15:00:00,1,22.8,29.5,0,too_short (1 < 2)
724,2024-09-01 17:00:00,2024-09-01 19:30:00,6,22.92,26.1,0,
725,2024-09-01 20:30:00,2024-09-01 20:30:00,1,23.73,24.9,0,too_short (1 < 2)
726,2024-09-01 21:30:00,2024-09-01 23:00:00,4,24.39,23.88,0,
727,2024-09-02 03:00:00,2024-09-02 03:30:00,2,20.26,23.9,0,
728,2024-09-02 05:30:00,2024-09-02 05:30:00,1,23.15,24.0,0,too_short (1 < 2)
729,2024-09-02 10:30:00,2024-09-02 10:30:00,1,18.06,25.45,0,too_short (1 < 2)
730,2024-09-02 12:00:00,2024-09-02 12:30:00,2,21.85,26.12,0,
731,2024-09-02 17:00:00,2024-09-02 19:00:00,5,21.01,24.55,0,
732,2024-09-02 20:30:00,2024-09-02 22:30:00,5,21.67,22.92,0,
733,2024-09-02 23:30:00,2024-09-02 23:30:00,1,21.7,22.3,0,too_short (1 < 2)
734,2024-09-03 00:30:00,2024-09-03 02:00:00,4,26.64,21.73,0,
735,2024-09-03 03:00:00,2024-09-03 04:00:00,3,24.87,20.75,0,
736,2024-09-03 08:30:00,2024-09-03 08:30:00,1,25.22,23.85,0,too_short (1 < 2)
737,2024-09-03 11:00:00,2024-09-03 11:30:00,2,19.09,26.5,0,
738,2024-09-03 14:30:00,2024-09-03 17:30:00,7,21.5,24.9,0,
739,2024-09-03 20:00:00,2024-09-03 21:30:00,4,21.77,22.3,0,
740,2024-09-03 23:00:00,2024-09-04 00:00:00,3,27.69,20.6,0,
741,2024-09-04 01:00:00,2024-09-04 02:00:00,3,26.51,20.8,0,
742,2024-09-04 04:00:00,2024-09-04 04:00:00,1,25.21,20.6,0,too_short (1 < 2)
743,2024-09-04 05:00:00,2024-09-04 05:00:00,1,22.54,20.5,0,too_short (1 < 2)
744,2024-09-04 11:00:00,2024-09-04 11:00:00,1,22.07,23.2,0,too_short (1 < 2)
745,2024-09-04 19:30:00,2024-09-04 22:00:00,6,25.0,22.79,0,
746,2024-09-04 23:00:00,2024-09-04 23:00:00,1,24.85,22.4,0,too_short (1 < 2)
747,2024-09-05 00:30:00,2024-09-05 01:30:00,3,23.75,22.57,0,
748,2024-09-05 02:30:00,2024-09-05 03:00:00,2,21.77,22.4,0,
749,2024-09-05 04:30:00,2024-09-05 05:00:00,2,25.54,22.23,0,
750,2024-09-05 16:00:00,2024-09-05 21:00:00,11,29.51,23.05,0,
751,2024-09-05 22:00:00,2024-09-06 00:30:00,6,28.64,22.71,0,
752,2024-09-06 03:00:00,2024-09-06 03:30:00,2,24.35,22.4,0,
753,2024-09-06 04:30:00,2024-09-06 05:00:00,2,22.61,22.48,0,
754,2024-09-06 14:00:00,2024-09-06 14:30:00,2,15.66,27.62,0,
755,2024-09-06 16:30:00,2024-09-06 17:00:00,2,19.66,26.73,0,
756,2024-09-06 20:00:00,2024-09-06 20:00:00,1,22.82,22.5,0,too_short (1 < 2)
757,2024-09-06 22:00:00,2024-09-07 01:00:00,7,21.97,22.5,0,
758,2024-09-07 03:00:00,2024-09-07 03:00:00,1,21.51,22.1,0,too_short (1 < 2)
759,2024-09-07 04:30:00,2024-09-07 05:00:00,2,24.41,22.38,0,
760,2024-09-07 08:30:00,2024-09-07 08:30:00,1,21.04,23.8,0,too_short (1 < 2)
761,2024-09-07 18:00:00,2024-09-07 19:30:00,4,21.95,23.9,0,
762,2024-09-07 21:30:00,2024-09-08 00:00:00,6,21.13,23.67,0,
763,2024-09-08 01:30:00,2024-09-08 01:30:00,1,25.05,23.85,0,too_short (1 < 2)
764,2024-09-08 03:00:00,2024-09-08 03:00:00,1,19.73,23.8,0,too_short (1 < 2)
765,2024-09-08 04:30:00,2024-09-08 05:00:00,2,22.8,23.8,0,
766,2024-09-08 19:30:00,2024-09-08 20:00:00,2,24.17,22.05,0,
767,2024-09-08 22:30:00,2024-09-09 00:30:00,5,24.24,20.9,0,
768,2024-09-09 02:00:00,2024-09-09 03:30:00,4,27.64,20.17,0,
769,2024-09-09 04:30:00,2024-09-09 05:30:00,3,25.16,19.85,0,
770,2024-09-09 09:30:00,2024-09-09 09:30:00,1,32.49,22.1,0,too_short (1 < 2)
771,2024-09-09 15:30:00,2024-09-09 17:00:00,4,20.44,23.95,0,
772,2024-09-09 22:00:00,2024-09-10 00:00:00,5,26.22,22.2,0,
773,2024-09-10 20:00:00,2024-09-10 20:30:00,2,27.92,17.55,0,
774,2024-09-10 22:00:00,2024-09-11 00:00:00,5,27.5,17.07,0,
775,2024-09-11 02:30:00,2024-09-11 02:30:00,1,32.02,16.85,0,too_short (1 < 2)
776,2024-09-11 03:30:00,2024-09-11 03:30:00,1,32.26,16.9,0,too_short (1 < 2)
777,2024-09-11 11:30:00,2024-09-11 11:30:00,1,28.01,21.2,0,too_short (1 < 2)
778,2024-09-11 16:00:00,2024-09-11 16:00:00,1,26.0,20.4,0,too_short (1 < 2)
779,2024-09-11 22:00:00,2024-09-11 23:30:00,4,26.52,17.79,0,
780,2024-09-12 01:00:00,2024-09-12 01:30:00,2,30.92,17.15,0,
781,2024-09-12 14:30:00,2024-09-12 14:30:00,1,27.9,20.4,0,too_short (1 < 2)
782,2024-09-12 21:30:00,2024-09-12 22:00:00,2,26.64,17.5,0,
783,2024-09-12 23:30:00,2024-09-12 23:30:00,1,31.87,17.2,0,too_short (1 < 2)
784,2024-09-13 17:00:00,2024-09-13 18:00:00,3,23.35,22.6,0,
785,2024-09-13 22:30:00,2024-09-13 22:30:00,1,24.12,20.6,0,too_short (1 < 2)
786,2024-09-14 00:00:00,2024-09-14 01:00:00,3,28.42,20.6,0,
787,2024-09-14 11:00:00,2024-09-14 12:00:00,3,17.68,26.95,0,
788,2024-09-14 16:00:00,2024-09-14 16:30:00,2,15.44,27.98,0,
789,2024-09-15 00:30:00,2024-09-15 01:30:00,3,21.09,24.12,0,
790,2024-09-15 03:30:00,2024-09-15 03:30:00,1,24.5,23.6,0,too_short (1 < 2)
791,2024-09-15 04:30:00,2024-09-15 04:30:00,1,24.54,23.6,0,too_short (1 < 2)
792,2024-09-15 18:00:00,2024-09-15 18:30:00,2,22.97,22.43,0,
793,2024-09-15 23:00:00,2024-09-15 23:00:00,1,28.32,20.6,0,too_short (1 < 2)
794,2024-09-16 17:00:00,2024-09-16 18:30:00,4,20.32,24.34,0,
795,2024-09-16 19:30:00,2024-09-16 19:30:00,1,20.71,23.5,0,too_short (1 < 2)
796,2024-09-16 21:30:00,2024-09-16 21:30:00,1,24.26,23.45,0,too_short (1 < 2)
797,2024-09-17 00:30:00,2024-09-17 01:30:00,3,22.07,24.47,0,
798,2024-09-17 07:00:00,2024-09-17 07:00:00,1,32.23,25.4,0,too_short (1 < 2)
799,2024-09-17 16:00:00,2024-09-17 20:00:00,9,16.87,28.54,0,
800,2024-09-17 22:00:00,2024-09-17 23:30:00,4,23.1,25.7,0,
801,2024-09-18 00:30:00,2024-09-18 00:30:00,1,24.01,23.9,0,too_short (1 < 2)
802,2024-09-18 06:30:00,2024-09-18 06:30:00,1,34.93,22.9,0,too_short (1 < 2)
803,2024-09-18 13:30:00,2024-09-18 14:00:00,2,22.62,30.0,0,
804,2024-09-18 17:30:00,2024-09-18 20:00:00,6,24.37,24.38,0,
805,2024-09-18 21:00:00,2024-09-19 01:00:00,9,24.86,22.83,0,
806,2024-09-19 02:00:00,2024-09-19 02:00:00,1,24.84,21.2,0,too_short (1 < 2)
807,2024-09-19 17:30:00,2024-09-19 18:30:00,3,24.21,22.72,0,
808,2024-09-19 19:30:00,2024-09-19 20:00:00,2,25.21,21.23,0,
809,2024-09-20 00:00:00,2024-09-20 00:30:00,2,24.72,20.5,0,
810,2024-09-20 01:30:00,2024-09-20 02:00:00,2,23.71,20.88,0,
811,2024-09-20 09:30:00,2024-09-20 09:30:00,1,36.67,21.7,0,too_short (1 < 2)
812,2024-09-20 15:30:00,2024-09-20 15:30:00,1,28.31,25.5,0,too_short (1 < 2)
813,2024-09-20 16:30:00,2024-09-20 17:30:00,3,28.39,25.08,0,
814,2024-09-20 18:30:00,2024-09-20 19:00:00,2,30.06,23.05,0,
815,2024-09-20 21:30:00,2024-09-21 01:00:00,8,32.22,19.67,0,
816,2024-09-21 02:30:00,2024-09-21 02:30:00,1,27.24,21.1,0,too_short (1 < 2)
817,2024-09-21 04:00:00,2024-09-21 04:30:00,2,24.83,20.9,0,
818,2024-09-21 09:00:00,2024-09-21 09:00:00,1,25.42,21.6,0,too_short (1 < 2)
819,2024-09-21 14:30:00,2024-09-21 14:30:00,1,20.98,25.8,0,too_short (1 < 2)
820,2024-09-21 15:30:00,2024-09-21 15:30:00,1,20.8,24.5,0,too_short (1 < 2)
821,2024-09-21 17:00:00,2024-09-21 18:00:00,3,21.5,22.3,0,
822,2024-09-21 21:30:00,2024-09-21 21:30:00,1,26.27,20.45,0,too_short (1 < 2)
823,2024-09-21 22:30:00,2024-09-21 23:30:00,3,26.24,20.08,0,
824,2024-09-22 02:30:00,2024-09-22 03:00:00,2,26.24,20.75,0,
825,2024-09-22 04:00:00,2024-09-22 04:30:00,2,23.04,20.75,0,
826,2024-09-22 05:30:00,2024-09-22 05:30:00,1,25.32,20.6,0,too_short (1 < 2)
827,2024-09-22 08:30:00,2024-09-22 08:30:00,1,22.47,21.3,0,too_short (1 < 2)
828,2024-09-22 13:00:00,2024-09-22 14:00:00,3,23.49,24.25,0,
829,2024-09-22 21:30:00,2024-09-22 22:30:00,3,27.8,19.22,0,
830,2024-09-22 23:30:00,2024-09-22 23:30:00,1,27.76,18.9,0,too_short (1 < 2)
831,2024-09-23 01:00:00,2024-09-23 01:30:00,2,25.35,19.9,0,
832,2024-09-23 02:30:00,2024-09-23 02:30:00,1,24.42,19.95,0,too_short (1 < 2)
833,2024-09-23 04:00:00,2024-09-23 05:00:00,3,26.06,20.1,0,
834,2024-09-23 10:00:00,2024-09-23 10:00:00,1,24.75,21.5,0,too_short (1 < 2)
835,2024-09-23 11:00:00,2024-09-23 11:00:00,1,21.85,21.9,0,too_short (1 < 2)
836,2024-09-23 15:00:00,2024-09-23 15:00:00,1,22.83,22.2,0,too_short (1 < 2)
837,2024-09-23 21:30:00,2024-09-23 21:30:00,1,25.36,20.2,0,too_short (1 < 2)
838,2024-09-23 23:30:00,2024-09-24 01:30:00,5,25.69,18.93,0,
839,2024-09-24 03:30:00,2024-09-24 05:00:00,4,24.73,19.74,0,
840,2024-09-24 21:30:00,2024-09-25 00:00:00,6,29.19,17.19,0,
841,2024-09-25 13:30:00,2024-09-25 13:30:00,1,24.82,20.1,0,too_short (1 < 2)
842,2024-09-25 22:00:00,2024-09-26 00:30:00,6,29.03,16.09,0,
843,2024-09-26 03:00:00,2024-09-26 03:00:00,1,30.4,17.0,0,too_short (1 < 2)
844,2024-09-26 04:00:00,2024-09-26 04:00:00,1,29.97,17.8,0,too_short (1 < 2)
845,2024-09-26 10:30:00,2024-09-26 10:30:00,1,28.37,20.4,0,too_short (1 < 2)
846,2024-09-26 18:30:00,2024-09-26 18:30:00,1,23.8,18.7,0,too_short (1 < 2)
847,2024-09-26 22:00:00,2024-09-27 00:00:00,5,29.47,17.9,0,
848,2024-09-27 01:30:00,2024-09-27 02:00:00,2,28.57,17.82,0,
849,2024-09-27 23:30:00,2024-09-28 01:00:00,4,28.24,16.38,0,
850,2024-09-28 02:30:00,2024-09-28 03:00:00,2,32.81,16.07,0,
851,2024-09-28 13:30:00,2024-09-28 13:30:00,1,24.73,20.05,0,too_short (1 < 2)
852,2024-09-28 22:30:00,2024-09-28 22:30:00,1,25.8,18.9,0,too_short (1 < 2)
853,2024-09-28 23:30:00,2024-09-29 00:30:00,3,25.37,18.67,0,
854,2024-09-29 04:00:00,2024-09-29 04:00:00,1,29.81,18.9,0,too_short (1 < 2)
855,2024-09-29 11:30:00,2024-09-29 11:30:00,1,30.73,23.5,0,too_short (1 < 2)
856,2024-09-29 13:30:00,2024-09-29 13:30:00,1,21.91,24.25,0,too_short (1 < 2)
857,2024-09-29 21:00:00,2024-09-29 22:30:00,4,28.56,19.4,0,
858,2024-09-30 00:30:00,2024-09-30 01:00:00,2,28.05,18.77,0,
859,2024-09-30 02:30:00,2024-09-30 03:30:00,3,26.43,17.47,0,
860,2024-09-30 22:30:00,2024-09-30 23:30:00,3,25.64,18.13,0,
861,2024-10-01 00:30:00,2024-10-01 01:00:00,2,30.56,16.68,0,
862,2024-10-01 02:30:00,2024-10-01 02:30:00,1,26.58,16.65,0,too_short (1 < 2)
863,2024-10-01 12:30:00,2024-10-01 12:30:00,1,21.72,22.8,0,too_short (1 < 2)
864,2024-10-01 15:00:00,2024-10-01 15:00:00,1,23.97,22.8,0,too_short (1 < 2)
865,2024-10-01 21:00:00,2024-10-01 21:00:00,1,28.97,18.5,0,too_short (1 < 2)
866,2024-10-01 22:00:00,2024-10-01 22:30:00,2,29.66,17.5,0,
867,2024-10-01 23:30:00,2024-10-02 00:00:00,2,29.49,17.05,0,
868,2024-10-02 16:00:00,2024-10-03 01:00:00,19,27.36,18.43,0,
869,2024-10-03 02:00:00,2024-10-03 02:30:00,2,27.66,14.75,0,
870,2024-10-03 06:30:00,2024-10-03 07:00:00,2,39.43,13.88,0,
871,2024-10-03 08:00:00,2024-10-03 08:00:00,1,37.0,15.8,0,too_short (1 < 2)
872,2024-10-03 09:30:00,2024-10-03 12:00:00,6,28.88,20.57,0,
873,2024-10-03 13:30:00,2024-10-03 15:30:00,5,23.93,22.46,0,
874,2024-10-03 16:30:00,2024-10-04 02:00:00,20,21.17,19.74,0,
875,2024-10-04 03:00:00,2024-10-04 03:00:00,1,15.12,20.9,0,too_short (1 < 2)
876,2024-10-04 04:30:00,2024-10-04 05:00:00,2,16.81,20.5,0,
877,2024-10-04 07:00:00,2024-10-04 08:30:00,4,26.64,20.86,0,
878,2024-10-04 09:30:00,2024-10-04 11:30:00,5,21.72,22.48,0,
879,2024-10-04 23:00:00,2024-10-05 01:00:00,5,21.82,23.33,0,
880,2024-10-05 04:00:00,2024-10-05 04:00:00,1,21.07,23.8,0,too_short (1 < 2)
881,2024-10-05 14:00:00,2024-10-05 14:30:00,2,20.36,26.62,0,
882,2024-10-05 22:30:00,2024-10-05 23:30:00,3,25.47,19.08,0,
883,2024-10-06 00:30:00,2024-10-06 02:30:00,5,29.94,19.52,0,
884,2024-10-06 03:30:00,2024-10-06 03:30:00,1,29.33,18.75,0,too_short (1 < 2)
885,2024-10-06 10:00:00,2024-10-06 10:00:00,1,29.61,21.1,0,too_short (1 < 2)
886,2024-10-06 21:00:00,2024-10-07 00:30:00,8,24.75,21.29,0,
887,2024-10-07 02:00:00,2024-10-07 02:00:00,1,23.56,21.3,0,too_short (1 < 2)
888,2024-10-07 04:30:00,2024-10-07 04:30:00,1,24.8,21.25,0,too_short (1 < 2)
889,2024-10-07 11:00:00,2024-10-07 11:00:00,1,21.99,22.6,0,too_short (1 < 2)
890,2024-10-07 22:30:00,2024-10-07 22:30:00,1,27.54,20.25,0,too_short (1 < 2)
891,2024-10-08 00:30:00,2024-10-08 01:00:00,2,26.09,20.9,0,
892,2024-10-08 03:30:00,2024-10-08 03:30:00,1,24.11,20.85,0,too_short (1 < 2)
893,2024-10-08 11:30:00,2024-10-08 11:30:00,1,20.49,22.1,0,too_short (1 < 2)
894,2024-10-08 13:30:00,2024-10-08 13:30:00,1,24.48,21.65,0,too_short (1 < 2)
895,2024-10-09 02:00:00,2024-10-09 02:30:00,2,24.24,19.05,0,
896,2024-10-09 03:30:00,2024-10-09 04:00:00,2,27.02,18.68,0,
897,2024-10-09 22:00:00,2024-10-09 22:30:00,2,28.18,16.17,0,
898,2024-10-10 00:00:00,2024-10-10 00:00:00,1,32.54,16.3,0,too_short (1 < 2)
899,2024-10-10 01:30:00,2024-10-10 01:30:00,1,28.37,16.0,0,too_short (1 < 2)
900,2024-10-10 22:00:00,2024-10-10 22:30:00,2,28.64,16.8,0,
901,2024-10-10 23:30:00,2024-10-10 23:30:00,1,28.17,16.95,0,too_short (1 < 2)
902,2024-10-11 01:30:00,2024-10-11 01:30:00,1,27.13,17.4,0,too_short (1 < 2)
903,2024-10-11 03:00:00,2024-10-11 03:30:00,2,29.11,17.5,0,
904,2024-10-11 13:30:00,2024-10-11 13:30:00,1,25.32,18.15,0,too_short (1 < 2)
905,2024-10-12 00:00:00,2024-10-12 00:00:00,1,25.45,18.4,0,too_short (1 < 2)
906,2024-10-12 01:00:00,2024-10-12 01:00:00,1,25.43,18.7,0,too_short (1 < 2)
907,2024-10-12 02:30:00,2024-10-12 03:00:00,2,26.95,17.73,0,
908,2024-10-12 23:30:00,2024-10-13 00:30:00,3,30.77,15.12,0,
909,2024-10-14 23:00:00,2024-10-15 00:00:00,3,26.17,17.95,0,
910,2024-10-15 01:30:00,2024-10-15 02:00:00,2,31.35,16.73,0,
911,2024-10-15 14:00:00,2024-10-15 15:00:00,3,20.25,23.75,0,
912,2024-10-15 22:00:00,2024-10-15 22:30:00,2,24.95,22.88,0,
913,2024-10-16 00:00:00,2024-10-16 00:30:00,2,24.19,22.85,0,
914,2024-10-16 02:30:00,2024-10-16 02:30:00,1,23.83,23.0,0,too_short (1 < 2)
915,2024-10-16 03:30:00,2024-10-16 04:30:00,3,21.49,23.57,0,
916,2024-10-16 21:30:00,2024-10-16 21:30:00,1,21.28,22.95,0,too_short (1 < 2)
917,2024-10-16 23:00:00,2024-10-16 23:30:00,2,20.93,22.88,0,
918,2024-10-17 14:30:00,2024-10-17 15:00:00,2,18.23,26.27,0,
919,2024-10-17 23:00:00,2024-10-18 01:00:00,5,22.59,21.31,0,
920,2024-10-18 03:00:00,2024-10-18 05:00:00,5,26.63,20.54,0,
921,2024-10-18 20:30:00,2024-10-18 20:30:00,1,23.04,24.0,0,too_short (1 < 2)
922,2024-10-18 23:00:00,2024-10-18 23:00:00,1,23.2,23.2,0,too_short (1 < 2)
923,2024-10-19 00:00:00,2024-10-19 00:30:00,2,23.25,22.75,0,
924,2024-10-19 01:30:00,2024-10-19 02:00:00,2,22.78,22.3,0,
925,2024-10-19 03:30:00,2024-10-19 03:30:00,1,23.06,21.35,0,too_short (1 < 2)
926,2024-10-19 22:30:00,2024-10-19 23:00:00,2,27.18,18.25,0,
927,2024-10-20 20:00:00,2024-10-20 20:00:00,1,24.33,22.6,0,too_short (1 < 2)
928,2024-10-20 22:30:00,2024-10-20 22:30:00,1,24.35,21.95,0,too_short (1 < 2)
929,2024-10-21 01:00:00,2024-10-21 02:00:00,3,23.1,22.0,0,
930,2024-10-21 03:00:00,2024-10-21 03:00:00,1,23.12,21.6,0,too_short (1 < 2)
931,2024-10-21 09:30:00,2024-10-21 09:30:00,1,26.72,20.55,0,too_short (1 < 2)
932,2024-10-21 23:00:00,2024-10-21 23:30:00,2,26.08,20.35,0,
933,2024-10-22 00:30:00,2024-10-22 01:00:00,2,25.58,20.27,0,
934,2024-10-22 13:00:00,2024-10-22 13:00:00,1,21.05,21.6,0,too_short (1 < 2)
935,2024-10-22 22:30:00,2024-10-22 23:30:00,3,23.4,20.27,0,
936,2024-10-23 01:00:00,2024-10-23 01:00:00,1,26.38,21.6,0,too_short (1 < 2)
937,2024-10-23 02:00:00,2024-10-23 03:00:00,3,25.19,21.95,0,
938,2024-10-23 09:00:00,2024-10-23 09:00:00,1,22.09,23.1,0,too_short (1 < 2)
939,2024-10-24 00:00:00,2024-10-24 00:00:00,1,21.14,22.5,0,too_short (1 < 2)
940,2024-10-24 01:30:00,2024-10-24 04:00:00,6,22.72,22.85,0,
941,2024-10-24 10:00:00,2024-10-24 10:00:00,1,20.01,23.9,0,too_short (1 < 2)
942,2024-10-24 13:00:00,2024-10-24 13:00:00,1,21.52,25.1,0,too_short (1 < 2)
943,2024-10-24 14:30:00,2024-10-24 14:30:00,1,21.25,25.05,0,too_short (1 < 2)
944,2024-10-24 21:30:00,2024-10-25 00:00:00,6,25.68,22.28,0,
945,2024-10-25 03:30:00,2024-10-25 04:00:00,2,25.79,20.48,0,
946,2024-10-25 07:30:00,2024-10-25 07:30:00,1,25.82,20.15,0,too_short (1 < 2)
947,2024-10-25 23:00:00,2024-10-25 23:30:00,2,23.99,20.75,0,
948,2024-10-26 00:30:00,2024-10-26 01:00:00,2,23.05,21.12,0,
949,2024-10-26 02:30:00,2024-10-26 03:00:00,2,24.48,22.65,0,
950,2024-10-27 02:00:00,2024-10-27 02:30:00,2,27.21,17.23,0,
951,2024-10-27 18:30:00,2024-10-27 18:30:00,1,22.47,19.9,0,too_short (1 < 2)
952,2024-10-27 20:00:00,2024-10-27 20:00:00,1,25.49,20.2,0,too_short (1 < 2)
953,2024-10-27 23:30:00,2024-10-28 00:00:00,2,24.22,20.6,0,
954,2024-10-28 03:00:00,2024-10-28 05:00:00,5,26.11,19.69,0,
955,2024-10-29 00:00:00,2024-10-29 02:00:00,5,26.82,20.2,0,
956,2024-10-29 11:30:00,2024-10-29 12:00:00,2,21.01,22.98,0,
957,2024-10-29 14:30:00,2024-10-29 15:30:00,3,23.63,23.43,0,
958,2024-10-29 22:30:00,2024-10-29 22:30:00,1,23.82,21.55,0,too_short (1 < 2)
959,2024-10-30 00:30:00,2024-10-30 02:00:00,4,24.67,19.8,0,
960,2024-10-30 05:00:00,2024-10-30 05:30:00,2,25.73,19.55,0,
961,2024-10-30 10:30:00,2024-10-30 10:30:00,1,26.1,20.65,0,too_short (1 < 2)
962,2024-10-30 12:30:00,2024-10-30 13:00:00,2,22.85,21.93,0,
963,2024-10-30 22:30:00,2024-10-30 22:30:00,1,21.63,22.8,0,too_short (1 < 2)
964,2024-10-31 01:00:00,2024-10-31 01:00:00,1,20.83,23.0,0,too_short (1 < 2)
965,2024-10-31 04:00:00,2024-10-31 04:30:00,2,21.86,22.8,0,
966,2024-10-31 10:00:00,2024-10-31 11:00:00,3,19.35,23.5,0,
967,2024-10-31 18:30:00,2024-10-31 19:00:00,2,21.04,23.85,0,
968,2024-10-31 22:30:00,2024-10-31 22:30:00,1,20.58,23.3,0,too_short (1 < 2)
969,2024-10-31 23:30:00,2024-10-31 23:30:00,1,20.48,23.15,0,too_short (1 < 2)
970,2024-11-01 01:00:00,2024-11-01 02:00:00,3,23.25,24.45,0,
971,2024-11-01 03:00:00,2024-11-01 03:30:00,2,22.21,23.98,0,
972,2024-11-01 04:30:00,2024-11-01 05:00:00,2,20.85,23.68,0,
973,2024-11-01 11:00:00,2024-11-01 11:00:00,1,27.05,18.6,0,too_short (1 < 2)
974,2024-11-01 14:00:00,2024-11-01 14:00:00,1,27.35,17.9,0,too_short (1 < 2)
975,2024-11-02 00:00:00,2024-11-02 00:30:00,2,27.15,17.4,0,
976,2024-11-02 01:30:00,2024-11-02 01:30:00,1,25.92,17.95,0,too_short (1 < 2)
977,2024-11-02 03:00:00,2024-11-02 03:00:00,1,28.92,18.7,0,too_short (1 < 2)
978,2024-11-02 04:00:00,2024-11-02 04:00:00,1,26.03,19.1,0,too_short (1 < 2)
979,2024-11-03 00:00:00,2024-11-03 01:00:00,3,23.91,21.2,0,
980,2024-11-03 02:00:00,2024-11-03 02:30:00,2,23.47,21.12,0,
981,2024-11-03 14:00:00,2024-11-03 14:00:00,1,28.43,22.7,0,too_short (1 < 2)
982,2024-11-03 23:00:00,2024-11-04 00:00:00,3,27.31,19.7,0,
983,2024-11-04 01:00:00,2024-11-04 01:30:00,2,27.89,18.5,0,
984,2024-11-05 00:00:00,2024-11-05 03:00:00,7,27.5,17.69,0,
985,2024-11-05 04:30:00,2024-11-05 04:30:00,1,33.39,16.5,0,too_short (1 < 2)
986,2024-11-05 23:30:00,2024-11-06 02:00:00,6,25.82,18.86,0,
987,2024-11-06 04:30:00,2024-11-06 04:30:00,1,27.46,20.15,0,too_short (1 < 2)
988,2024-11-06 13:30:00,2024-11-06 13:30:00,1,18.28,25.65,0,too_short (1 < 2)
989,2024-11-06 14:30:00,2024-11-06 15:00:00,2,18.43,25.23,0,
990,2024-11-06 21:30:00,2024-11-06 21:30:00,1,23.75,23.5,0,too_short (1 < 2)
991,2024-11-07 00:00:00,2024-11-07 01:30:00,4,22.58,23.79,0,
992,2024-11-07 03:00:00,2024-11-07 03:00:00,1,19.54,23.9,0,too_short (1 < 2)
993,2024-11-07 13:00:00,2024-11-07 15:00:00,5,24.2,25.92,0,
994,2024-11-07 23:30:00,2024-11-07 23:30:00,1,24.6,21.85,0,too_short (1 < 2)
995,2024-11-08 00:30:00,2024-11-08 01:30:00,3,24.09,21.9,0,
996,2024-11-11 00:00:00,2024-11-11 03:30:00,8,26.43,18.48,0,
997,2024-11-11 22:30:00,2024-11-11 22:30:00,1,27.18,17.55,0,too_short (1 < 2)
998,2024-11-11 23:30:00,2024-11-12 00:00:00,2,27.1,17.25,0,
999,2024-11-12 22:30:00,2024-11-12 22:30:00,1,24.28,19.25,0,too_short (1 < 2)
1000,2024-11-14 00:30:00,2024-11-14 02:00:00,4,29.94,18.31,0,
1001,2024-11-14 10:30:00,2024-11-14 10:30:00,1,26.24,20.7,0,too_short (1 < 2)
1002,2024-11-14 23:00:00,2024-11-15 00:00:00,3,24.31,20.15,0,
1003,2024-11-16 02:00:00,2024-11-16 04:00:00,5,29.41,17.64,0,
1004,2024-11-16 23:30:00,2024-11-17 00:30:00,3,31.97,14.7,0,
1005,2024-11-17 02:30:00,2024-11-17 03:30:00,3,32.19,13.58,0,
1006,2024-11-24 00:00:00,2024-11-24 00:30:00,2,27.94,18.1,0,
1007,2024-11-24 02:30:00,2024-11-24 03:00:00,2,23.94,20.88,0,
1008,2024-11-24 04:00:00,2024-11-24 04:00:00,1,21.13,22.1,0,too_short (1 < 2)
1009,2024-11-24 23:30:00,2024-11-25 00:30:00,3,26.77,19.35,0,
1010,2024-11-25 01:30:00,2024-11-25 02:00:00,2,26.17,18.83,0,
1011,2024-11-25 03:30:00,2024-11-25 03:30:00,1,25.86,18.65,0,too_short (1 < 2)
1012,2024-11-26 00:00:00,2024-11-26 00:00:00,1,28.02,16.1,0,too_short (1 < 2)
1013,2024-11-26 01:30:00,2024-11-26 02:30:00,3,33.2,15.3,0,
1014,2024-11-26 04:00:00,2024-11-26 04:30:00,2,32.2,14.65,0,
1015,2024-11-28 23:30:00,2024-11-28 23:30:00,1,28.93,16.1,0,too_short (1 < 2)
1016,2024-11-29 00:30:00,2024-11-29 01:00:00,2,28.4,16.3,0,
1017,2024-11-29 02:00:00,2024-11-29 02:30:00,2,26.65,17.0,0,
1018,2024-11-29 03:30:00,2024-11-29 05:00:00,4,28.92,17.96,0,
1019,2024-11-30 00:00:00,2024-11-30 02:00:00,5,23.43,21.95,0,
1020,2024-11-30 03:00:00,2024-11-30 03:30:00,2,22.71,21.32,0,
1021,2024-11-30 04:30:00,2024-11-30 04:30:00,1,28.83,20.85,0,too_short (1 < 2)
1022,2024-11-30 23:30:00,2024-12-01 01:30:00,5,20.3,24.17,0,
1023,2024-12-01 03:30:00,2024-12-01 05:30:00,5,25.07,23.18,0,
1024,2024-12-02 00:00:00,2024-12-02 00:00:00,1,30.89,16.3,0,too_short (1 < 2)
1025,2024-12-02 02:30:00,2024-12-02 04:00:00,4,29.76,15.2,0,
1026,2024-12-04 22:30:00,2024-12-05 01:30:00,7,26.75,20.65,0,
1027,2024-12-05 23:30:00,2024-12-05 23:30:00,1,26.97,16.4,0,too_short (1 < 2)
1028,2024-12-06 00:30:00,2024-12-06 00:30:00,1,26.41,16.6,0,too_short (1 < 2)
1029,2024-12-06 02:30:00,2024-12-06 03:00:00,2,27.9,16.4,0,
1030,2024-12-08 02:00:00,2024-12-08 02:00:00,1,30.13,14.6,0,too_short (1 < 2)
1031,2024-12-08 03:00:00,2024-12-08 03:30:00,2,29.34,14.93,0,
1032,2024-12-09 00:00:00,2024-12-09 02:00:00,5,29.45,15.14,0,
1033,2024-12-14 23:30:00,2024-12-15 00:00:00,2,26.25,19.7,0,
1034,2024-12-15 01:00:00,2024-12-15 02:30:00,4,23.09,21.32,0,
1035,2024-12-15 05:00:00,2024-12-15 05:00:00,1,23.21,21.4,0,too_short (1 < 2)
1036,2024-12-16 00:00:00,2024-12-16 01:00:00,3,25.25,18.8,0,
1037,2024-12-16 03:30:00,2024-12-16 04:30:00,3,24.54,18.5,0,
1038,2024-12-17 00:00:00,2024-12-17 00:30:00,2,26.87,18.98,0,
1039,2024-12-17 01:30:00,2024-12-17 02:00:00,2,25.03,19.73,0,
1040,2024-12-17 03:00:00,2024-12-17 03:00:00,1,22.43,19.4,0,too_short (1 < 2)
1041,2024-12-17 04:00:00,2024-12-17 04:00:00,1,26.47,19.4,0,too_short (1 < 2)
1042,2024-12-17 23:00:00,2024-12-17 23:00:00,1,23.22,21.6,0,too_short (1 < 2)
1043,2024-12-18 00:00:00,2024-12-18 01:00:00,3,21.53,22.15,0,
1044,2024-12-18 03:00:00,2024-12-18 05:00:00,5,19.98,23.71,0,
1045,2024-12-21 00:30:00,2024-12-21 01:00:00,2,28.97,16.98,0,
1046,2024-12-21 02:00:00,2024-12-21 02:30:00,2,26.91,17.48,0,
1047,2024-12-21 04:00:00,2024-12-21 04:00:00,1,26.06,16.8,0,too_short (1 < 2)
1048,2024-12-23 22:30:00,2024-12-24 00:00:00,4,21.82,22.08,0,
1049,2024-12-24 03:00:00,2024-12-24 03:30:00,2,21.66,22.42,0,
1050,2024-12-24 04:30:00,2024-12-24 05:00:00,2,19.82,22.58,0,
1051,2024-12-25 00:30:00,2024-12-25 00:30:00,1,22.53,22.3,0,too_short (1 < 2)
1052,2024-12-25 01:30:00,2024-12-25 02:00:00,2,22.13,22.4,0,
1053,2024-12-25 03:00:00,2024-12-25 03:00:00,1,20.78,22.7,0,too_short (1 < 2)
1054,2024-12-25 04:00:00,2024-12-25 05:30:00,4,25.19,22.74,0,
1055,2024-12-26 01:00:00,2024-12-26 01:00:00,1,27.86,20.6,0,too_short (1 < 2)
1056,2024-12-26 02:00:00,2024-12-26 02:30:00,2,27.92,19.75,0,
1057,2024-12-26 03:30:00,2024-12-26 04:30:00,3,27.45,19.1,0,
1058,2024-12-26 05:30:00,2024-12-26 05:30:00,1,27.35,18.45,0,too_short (1 < 2)
1059,2024-12-26 23:00:00,2024-12-26 23:30:00,2,31.13,16.45,0,
1060,2024-12-27 00:30:00,2024-12-27 01:00:00,2,30.54,16.45,0,
1061,2024-12-27 02:00:00,2024-12-27 03:00:00,3,28.11,16.35,0,
1062,2024-12-28 00:00:00,2024-12-28 00:00:00,1,27.39,20.1,0,too_short (1 < 2)
1063,2024-12-28 01:00:00,2024-12-28 02:30:00,4,27.52,19.32,0,
1064,2024-12-29 01:00:00,2024-12-29 03:00:00,5,25.61,19.2,0,
1065,2024-12-29 04:30:00,2024-12-29 04:30:00,1,28.55,19.2,0,too_short (1 < 2)
1066,2024-12-29 05:30:00,2024-12-29 05:30:00,1,27.12,19.3,0,too_short (1 < 2)
1067,2024-12-29 23:30:00,2024-12-30 01:00:00,4,28.03,16.26,0,
1068,2024-12-30 02:30:00,2024-12-30 03:00:00,2,32.65,15.22,0,
1069,2025-01-12 22:30:00,2025-01-12 22:30:00,1,28.17,16.9,0,too_short (1 < 2)
1070,2025-01-12 23:30:00,2025-01-13 00:00:00,2,27.67,17.08,0,
1071,2025-01-13 03:30:00,2025-01-13 04:00:00,2,27.35,19.95,0,
1072,2025-01-13 23:00:00,2025-01-14 01:30:00,6,24.49,19.72,0,
1073,2025-01-14 03:00:00,2025-01-14 04:30:00,4,27.56,19.42,0,
1074,2025-01-15 00:30:00,2025-01-15 01:00:00,2,23.98,21.38,0,
1075,2025-01-15 05:00:00,2025-01-15 05:00:00,1,22.61,21.9,0,too_short (1 < 2)
1076,2025-01-15 11:30:00,2025-01-15 11:30:00,1,25.13,21.85,0,too_short (1 < 2)
1077,2025-01-16 00:30:00,2025-01-16 02:30:00,5,26.22,19.56,0,
1078,2025-01-16 23:00:00,2025-01-16 23:30:00,2,28.87,18.7,0,
1079,2025-01-18 00:00:00,2025-01-18 00:30:00,2,25.43,18.32,0,
1080,2025-01-18 02:00:00,2025-01-18 02:30:00,2,28.94,18.82,0,
1081,2025-01-20 00:30:00,2025-01-20 00:30:00,1,29.66,15.0,0,too_short (1 < 2)
1082,2025-01-26 00:00:00,2025-01-26 02:30:00,6,31.82,13.33,0,
1083,2025-01-26 04:00:00,2025-01-26 06:00:00,5,31.99,13.23,0,
1084,2025-01-26 07:30:00,2025-01-26 09:00:00,4,31.02,13.29,0,
1085,2025-01-27 22:30:00,2025-01-27 23:00:00,2,28.81,14.22,0,
1086,2025-01-28 00:30:00,2025-01-28 00:30:00,1,31.01,14.75,0,too_short (1 < 2)
1087,2025-01-29 00:00:00,2025-01-29 00:00:00,1,28.41,15.1,0,too_short (1 < 2)
1088,2025-02-02 00:30:00,2025-02-02 00:30:00,1,28.08,17.4,0,too_short (1 < 2)
1089,2025-02-03 00:00:00,2025-02-03 00:00:00,1,28.9,16.9,0,too_short (1 < 2)
1090,2025-02-03 23:30:00,2025-02-04 00:30:00,3,24.95,20.8,0,
1091,2025-02-04 01:30:00,2025-02-04 01:30:00,1,24.43,20.75,0,too_short (1 < 2)
1092,2025-02-04 09:30:00,2025-02-04 12:00:00,6,26.68,18.71,0,
1093,2025-02-19 13:30:00,2025-02-19 13:30:00,1,31.77,15.75,0,too_short (1 < 2)
1094,2025-02-21 00:00:00,2025-02-21 00:00:00,1,22.31,18.7,0,too_short (1 < 2)
1095,2025-02-21 02:00:00,2025-02-21 03:00:00,3,27.38,19.45,0,
1096,2025-02-22 01:00:00,2025-02-22 01:00:00,1,32.67,19.2,0,too_short (1 < 2)
1097,2025-02-22 02:00:00,2025-02-22 03:00:00,3,32.45,19.0,0,
1098,2025-02-22 05:00:00,2025-02-22 05:30:00,2,31.67,18.85,0,
1099,2025-02-22 15:00:00,2025-02-22 15:00:00,1,27.73,19.9,0,too_short (1 < 2)
1100,2025-02-22 23:30:00,2025-02-23 00:30:00,3,30.11,17.77,0,
1101,2025-02-23 01:30:00,2025-02-23 02:00:00,2,27.82,17.62,0,
1102,2025-02-24 00:00:00,2025-02-24 00:00:00,1,27.64,20.2,0,too_short (1 < 2)
1103,2025-02-24 02:30:00,2025-02-24 05:00:00,6,26.95,18.81,0,
1104,2025-02-25 00:00:00,2025-02-25 00:00:00,1,31.08,15.7,0,too_short (1 < 2)
1105,2025-02-25 11:30:00,2025-02-25 11:30:00,1,29.85,18.05,0,too_short (1 < 2)
1106,2025-03-01 00:00:00,2025-03-01 01:00:00,3,24.88,16.15,0,
1107,2025-03-01 03:00:00,2025-03-01 03:30:00,2,28.67,16.9,0,
1108,2025-03-02 00:00:00,2025-03-02 00:00:00,1,35.98,15.6,0,too_short (1 < 2)
1109,2025-03-02 01:00:00,2025-03-02 01:00:00,1,35.11,16.2,0,too_short (1 < 2)
1110,2025-03-02 22:30:00,2025-03-03 00:00:00,4,24.4,19.48,0,
1111,2025-03-03 02:30:00,2025-03-03 04:00:00,4,27.99,18.5,0,
1112,2025-03-03 22:30:00,2025-03-03 23:00:00,2,25.1,18.55,0,
1113,2025-03-04 00:00:00,2025-03-04 00:00:00,1,23.94,19.2,0,too_short (1 < 2)
1114,2025-03-04 01:30:00,2025-03-04 02:30:00,3,26.73,19.77,0,
1115,2025-03-04 05:00:00,2025-03-04 05:00:00,1,24.35,20.2,0,too_short (1 < 2)
1116,2025-03-05 00:00:00,2025-03-05 00:00:00,1,22.95,20.7,0,too_short (1 < 2)
1117,2025-03-05 04:30:00,2025-03-05 04:30:00,1,22.52,22.05,0,too_short (1 < 2)
1118,2025-03-05 23:00:00,2025-03-06 00:00:00,3,23.24,22.15,0,
1119,2025-03-06 01:00:00,2025-03-06 01:00:00,1,21.63,21.9,0,too_short (1 < 2)
1120,2025-03-06 02:30:00,2025-03-06 04:00:00,4,26.02,21.07,0,
1121,2025-03-06 12:00:00,2025-03-06 12:00:00,1,23.67,21.2,0,too_short (1 < 2)
1122,2025-03-06 23:30:00,2025-03-06 23:30:00,1,21.8,21.25,0,too_short (1 < 2)
1123,2025-03-07 01:00:00,2025-03-07 01:00:00,1,21.24,20.5,0,too_short (1 < 2)
1124,2025-03-07 02:00:00,2025-03-07 02:30:00,2,22.08,19.55,0,
1125,2025-03-07 04:30:00,2025-03-07 05:00:00,2,30.37,17.4,0,
1126,2025-03-07 23:30:00,2025-03-08 01:00:00,4,31.89,18.98,0,
1127,2025-03-08 02:00:00,2025-03-08 04:00:00,5,31.06,18.34,0,
1128,2025-03-08 13:00:00,2025-03-08 13:00:00,1,21.48,24.7,0,too_short (1 < 2)
1129,2025-03-08 14:00:00,2025-03-08 14:00:00,1,21.09,24.6,0,too_short (1 < 2)
1130,2025-03-08 19:30:00,2025-03-08 19:30:00,1,29.98,19.3,0,too_short (1 < 2)
1131,2025-03-08 23:30:00,2025-03-09 00:00:00,2,38.74,15.38,0,
1132,2025-03-09 01:00:00,2025-03-09 03:30:00,6,38.08,15.19,0,
1133,2025-03-09 04:30:00,2025-03-09 05:00:00,2,36.59,14.32,0,
1134,2025-03-10 01:00:00,2025-03-10 01:00:00,1,27.21,16.3,0,too_short (1 < 2)
1135,2025-03-10 02:00:00,2025-03-10 02:30:00,2,27.73,15.52,0,
1136,2025-03-10 03:30:00,2025-03-10 04:00:00,2,27.89,15.22,0,
1137,2025-03-14 12:00:00,2025-03-14 13:00:00,3,32.68,15.95,0,
1138,2025-03-15 23:30:00,2025-03-16 00:00:00,2,35.2,15.28,0,
1139,2025-03-16 01:00:00,2025-03-16 04:30:00,8,30.44,15.36,0,
1140,2025-03-16 23:00:00,2025-03-17 00:00:00,3,39.38,14.7,0,
1141,2025-03-17 01:30:00,2025-03-17 02:00:00,2,39.21,14.05,0,
1142,2025-03-19 13:00:00,2025-03-19 13:00:00,1,29.18,19.3,0,too_short (1 < 2)
1143,2025-03-21 00:30:00,2025-03-21 01:30:00,3,29.25,18.45,0,
1144,2025-03-22 02:00:00,2025-03-22 03:00:00,3,26.55,18.6,0,
1145,2025-03-23 00:00:00,2025-03-23 00:30:00,2,26.44,17.07,0,
1146,2025-03-23 01:30:00,2025-03-23 02:30:00,3,28.06,16.52,0,
1147,2025-03-23 04:00:00,2025-03-23 04:00:00,1,28.34,16.4,0,too_short (1 < 2)
1148,2025-03-23 05:00:00,2025-03-23 05:30:00,2,28.14,16.27,0,
1149,2025-03-24 23:30:00,2025-03-25 01:30:00,5,29.76,20.28,0,
1150,2025-03-25 03:30:00,2025-03-25 04:00:00,2,29.27,20.02,0,
1151,2025-03-25 22:30:00,2025-03-25 23:30:00,3,28.62,17.57,0,
1152,2025-03-26 00:30:00,2025-03-26 00:30:00,1,27.36,16.9,0,too_short (1 < 2)
1153,2025-03-26 02:30:00,2025-03-26 03:00:00,2,30.8,16.12,0,
1154,2025-03-26 04:00:00,2025-03-26 05:00:00,3,29.15,16.65,0,
1155,2025-03-26 16:30:00,2025-03-26 17:00:00,2,24.63,20.98,0,
1156,2025-03-27 00:30:00,2025-03-27 01:30:00,3,34.28,20.78,0,
1157,2025-03-27 02:30:00,2025-03-27 05:00:00,6,30.94,20.41,0,
1158,2025-03-27 12:00:00,2025-03-27 12:00:00,1,23.29,22.5,0,too_short (1 < 2)
1159,2025-03-27 18:30:00,2025-03-27 23:00:00,10,26.06,18.24,0,
1160,2025-03-28 00:30:00,2025-03-28 01:30:00,3,29.01,16.92,0,
1161,2025-03-28 04:00:00,2025-03-28 04:00:00,1,29.46,15.8,0,too_short (1 < 2)
1162,2025-03-28 12:00:00,2025-03-28 12:00:00,1,28.92,18.8,0,too_short (1 < 2)
1163,2025-03-29 00:30:00,2025-03-29 00:30:00,1,37.78,15.4,0,too_short (1 < 2)
1164,2025-03-30 01:30:00,2025-03-30 01:30:00,1,34.3,18.3,0,too_short (1 < 2)
1165,2025-03-30 03:00:00,2025-03-30 03:30:00,2,34.16,17.8,0,
1166,2025-03-30 22:00:00,2025-03-30 22:30:00,2,40.62,16.6,0,
1167,2025-03-30 23:30:00,2025-03-31 01:00:00,4,39.34,17.39,0,
1168,2025-03-31 16:00:00,2025-03-31 16:00:00,1,33.36,25.4,0,too_short (1 < 2)
1169,2025-03-31 22:30:00,2025-04-01 00:30:00,5,37.25,19.31,0,
1170,2025-04-01 01:30:00,2025-04-01 01:30:00,1,38.29,17.6,0,too_short (1 < 2)
1171,2025-04-01 03:00:00,2025-04-01 05:00:00,5,37.77,16.02,0,
1172,2025-04-01 17:30:00,2025-04-01 17:30:00,1,34.24,25.65,0,too_short (1 < 2)
1173,2025-04-01 22:00:00,2025-04-01 22:30:00,2,38.44,17.93,0,
1174,2025-04-02 00:00:00,2025-04-02 00:00:00,1,36.81,16.9,0,too_short (1 < 2)
1175,2025-04-02 02:00:00,2025-04-02 03:00:00,3,36.29,16.6,0,
1176,2025-04-03 11:00:00,2025-04-03 11:00:00,1,28.1,20.6,0,too_short (1 < 2)
